like_id_placeholder,user_guid_fk,product_guid_fk,liked_at
1,usr-9d8446ae,prod-220e98db,2023-12-19
1,usr-dc3053e9,prod-0981f53a,2023-07-15
1,usr-e42c8b9d,prod-421b2595,2023-04-26
1,usr-e2b7c331,prod-1e9e3c48,2023-09-13
1,usr-6e82ff08,prod-b9910d27,2023-07-11
1,usr-2605b31d,prod-ec327ee6,2023-12-22
1,usr-ba1ffa8a,prod-fd7143c4,2023-03-02
1,usr-5fc7c74c,prod-cf58e264,2023-10-25
1,usr-0924ca48,prod-b2cfe15c,2023-09-26
1,usr-2ed6a909,prod-0006ac1e,2023-08-28
1,usr-9dbd8bc7,prod-5a0e3e0f,2023-03-09
1,usr-b99da0d2,prod-ffc5b61d,2023-06-30
1,usr-e18a7b96,prod-a065fd7a,2023-02-12
1,usr-ca983da7,prod-d589e3fc,2023-01-23
1,usr-b0338418,prod-28b80c25,2024-01-06
1,usr-5bc3f759,prod-bdd5bc39,2023-02-07
1,usr-61066281,prod-5e640a00,2023-10-31
1,usr-ed3d1cb7,prod-8ed5f6f0,2023-03-16
1,usr-52ed6704,prod-6d95b717,2023-03-23
1,usr-2ea2e4ca,prod-805f5947,2023-02-23
1,usr-c3134135,prod-8a086aef,2023-10-29
1,usr-85fcbd72,prod-cf58e264,2023-01-16
1,usr-eb4d1c0e,prod-780b9a67,2023-12-08
1,usr-cd2f2ec2,prod-dece3136,2023-03-22
1,usr-567871a3,prod-d583d713,2023-12-20
1,usr-c54eea39,prod-1c725e2f,2023-09-19
1,usr-de7855dc,prod-d0902034,2023-12-10
1,usr-c968c375,prod-f135147d,2023-08-18
1,usr-2605b31d,prod-96dfc467,2023-10-29
1,usr-5d57d842,prod-65c3f661,2023-06-04
1,usr-c54eea39,prod-a75aeab8,2023-10-22
1,usr-8a8b69e7,prod-222fdfd2,2023-02-28
1,usr-fece1b7c,prod-deb57f09,2023-08-12
1,usr-28ae7fc8,prod-98c71c34,2023-10-15
1,usr-28ae7fc8,prod-0e228077,2023-09-24
1,usr-18e5deed,prod-96bb1afd,2023-07-20
1,usr-d7f9a8df,prod-a4c881ae,2023-03-11
1,usr-5dbbd189,prod-c7180682,2024-01-31
1,usr-5fc7c74c,prod-26547f79,2023-11-06
1,usr-d2771e28,prod-772cccc3,2023-04-05
1,usr-735f86d2,prod-090c0812,2023-08-31
1,usr-9017d93e,prod-dc6b295b,2023-09-16
1,usr-44d7c355,prod-66580a9b,2023-04-13
1,usr-ed3d1cb7,prod-0486689b,2023-10-14
1,usr-e3d6b4bf,prod-c59bd85f,2023-02-15
1,usr-2909ac09,prod-164bc27a,2023-05-05
1,usr-61066281,prod-1983abbd,2023-09-15
1,usr-97228f9f,prod-805f5947,2023-03-17
1,usr-328051d5,prod-ae3592bc,2023-10-17
1,usr-30f3e70f,prod-1c725e2f,2023-03-14
1,usr-2605b31d,prod-ea3879ca,2023-02-13
1,usr-43d993dc,prod-51ce78d8,2023-03-14
1,usr-25d26aa6,prod-9464d959,2023-05-20
1,usr-63139c4c,prod-c4fe0cd8,2023-05-07
1,usr-ca983da7,prod-6910721d,2024-01-25
1,usr-08dbe213,prod-62e270dd,2023-12-09
1,usr-d59cad8a,prod-566c9daf,2023-10-11
1,usr-ea9dc933,prod-f3857438,2023-05-03
1,usr-821b5391,prod-d3688555,2023-08-16
1,usr-9a015d8e,prod-a9afa40d,2023-09-28
1,usr-b2e46dab,prod-ab7ad985,2023-03-25
1,usr-4ee7510a,prod-5a354567,2023-04-07
1,usr-0bc75854,prod-2af8f1f5,2023-02-11
1,usr-d5f7f43d,prod-628c260f,2023-10-20
1,usr-f67c2be6,prod-b3d611a6,2023-03-21
1,usr-ed3d1cb7,prod-62e270dd,2023-10-03
1,usr-44d7c355,prod-b71f328d,2023-10-01
1,usr-6083d943,prod-6910721d,2023-08-06
1,usr-9d8446ae,prod-cc02586b,2023-05-06
1,usr-5c996a68,prod-cbd84491,2024-01-13
1,usr-69eba04a,prod-4d660d3d,2023-03-21
1,usr-ed3d1cb7,prod-5525afac,2023-09-22
1,usr-fb2463d4,prod-c7180682,2023-07-21
1,usr-8c37fb97,prod-879ad9a0,2023-03-10
1,usr-6083d943,prod-6116a729,2023-01-26
1,usr-eb4d1c0e,prod-61da453d,2023-10-24
1,usr-f92f9c4d,prod-5c4f1722,2023-04-02
1,usr-a3b72ece,prod-a0e3cd35,2023-07-25
1,usr-32956dda,prod-4ace2447,2023-06-17
1,usr-2e012f50,prod-bd80f256,2023-12-28
1,usr-feb865b3,prod-706c96bd,2023-12-03
1,usr-d5f7f43d,prod-ced69a2b,2023-12-18
1,usr-ac536fdd,prod-63344a27,2023-07-10
1,usr-5b0e70e3,prod-43195159,2023-03-18
1,usr-d8013104,prod-1e9e3c48,2023-04-25
1,usr-606088bf,prod-20ec6306,2023-01-20
1,usr-607f1a08,prod-c7180682,2023-11-19
1,usr-88b5a365,prod-d3326af3,2023-02-11
1,usr-7d1ac601,prod-02cf84ce,2023-12-12
1,usr-cda4df6b,prod-66580a9b,2023-04-16
1,usr-95ed7f31,prod-03cc65bd,2023-07-19
1,usr-fece1b7c,prod-9da91ee6,2023-06-28
1,usr-51283925,prod-a4c881ae,2023-02-09
1,usr-dad43a58,prod-61298fb3,2023-09-29
1,usr-b99da0d2,prod-3c81392c,2023-05-05
1,usr-b0338418,prod-292e388a,2023-03-04
1,usr-1ba9dbd6,prod-b3d611a6,2023-11-07
1,usr-905c0529,prod-0f39df0e,2023-02-27
1,usr-180b1a51,prod-2c8ab1b4,2023-03-27
1,usr-e7805ec9,prod-61683c59,2023-12-10
1,usr-1a929e70,prod-dc6b295b,2023-04-12
1,usr-d2260722,prod-f9a463a1,2023-03-13
1,usr-6bf4b8bb,prod-182e34c3,2023-11-14
1,usr-9ba8a029,prod-92a1ee6b,2023-11-27
1,usr-bccff7e3,prod-d10982cd,2024-01-12
1,usr-d816b680,prod-2ed913c1,2023-06-29
1,usr-fb2463d4,prod-8f36d930,2023-06-14
1,usr-9c6355be,prod-41849819,2023-10-12
1,usr-b0338418,prod-745c0afd,2023-12-27
1,usr-9017d93e,prod-4e3a8fd6,2023-08-29
1,usr-9451dee1,prod-bae9c15d,2023-10-17
1,usr-60f4ad6c,prod-8b80f446,2023-10-17
1,usr-fa66ede6,prod-cf58e264,2023-04-28
1,usr-c70f52dc,prod-68767a93,2023-07-18
1,usr-9ba8a029,prod-aaa5b881,2023-06-03
1,usr-b63421a7,prod-3fbb3d49,2023-01-21
1,usr-a130a4a5,prod-3cd6115e,2023-05-11
1,usr-2a743762,prod-6a3d3691,2023-07-20
1,usr-0a3bb694,prod-8d3e9993,2023-07-19
1,usr-fab88057,prod-c0f24339,2023-01-30
1,usr-3190cad9,prod-c22c5bb5,2023-03-10
1,usr-7d1ac601,prod-98b32632,2024-01-17
1,usr-befc4464,prod-4ace2447,2024-01-29
1,usr-fb2463d4,prod-fa108462,2023-06-13
1,usr-b63421a7,prod-c894557d,2023-03-06
1,usr-ddaf1c0b,prod-b1cf673d,2023-02-03
1,usr-7d1ac601,prod-bccc75a2,2023-01-19
1,usr-9017d93e,prod-8b9d42c2,2023-05-21
1,usr-6e5a8eaa,prod-f797459c,2023-09-08
1,usr-c165d5bd,prod-a0e3cd35,2023-04-08
1,usr-09786814,prod-5f255077,2023-09-09
1,usr-3510ce29,prod-63344a27,2023-05-13
1,usr-0a3bb694,prod-d8c6349b,2023-06-25
1,usr-9017d93e,prod-6aaaf791,2023-05-20
1,usr-607f1a08,prod-b33dccdd,2023-12-01
1,usr-98610fc6,prod-2a29db4a,2023-06-23
1,usr-9200cd48,prod-c7180682,2023-10-08
1,usr-9c6355be,prod-7c320b49,2023-02-01
1,usr-61066281,prod-50698233,2023-09-04
1,usr-2a743762,prod-57f9ac39,2023-07-11
1,usr-d8642140,prod-35f3c84e,2023-05-31
1,usr-3558bbdd,prod-9796d157,2023-07-26
1,usr-802cad2b,prod-6481369f,2023-06-20
1,usr-ff41e9fc,prod-8bd5f3ef,2023-08-07
1,usr-735f86d2,prod-9926493a,2023-06-26
1,usr-4c23df88,prod-28c021c0,2023-09-16
1,usr-6bf4b8bb,prod-21c00cf3,2023-05-24
1,usr-1930f74a,prod-1cbe43fd,2023-06-04
1,usr-fece1b7c,prod-5e640a00,2023-05-20
1,usr-6e5a8eaa,prod-e5c518bf,2023-03-22
1,usr-fb745be4,prod-f4adeb29,2023-02-05
1,usr-155e0ea4,prod-e407a0b4,2023-04-15
1,usr-d59cad8a,prod-57f9ac39,2023-10-13
1,usr-328051d5,prod-b56f2f18,2023-11-01
1,usr-905c0529,prod-6d9b5969,2023-10-08
1,usr-92063100,prod-9da91ee6,2023-10-13
1,usr-1924b5ec,prod-0006ac1e,2023-07-31
1,usr-fe88e05a,prod-c82123ef,2023-07-05
1,usr-2605b31d,prod-6a7342fc,2023-10-11
1,usr-9200cd48,prod-ea3879ca,2023-03-21
1,usr-0d767918,prod-b1cf673d,2023-04-09
1,usr-f24a47be,prod-21c00cf3,2024-01-14
1,usr-fece1b7c,prod-a4c881ae,2023-10-16
1,usr-bf2a3290,prod-5349f200,2023-02-12
1,usr-19d5149b,prod-5e9d9b55,2023-05-22
1,usr-e42c8b9d,prod-66580a9b,2023-10-03
1,usr-0bc75854,prod-0332aaa8,2023-07-05
1,usr-08c2d8e3,prod-694e1f67,2023-12-05
1,usr-28ae7fc8,prod-decdb7e4,2024-01-23
1,usr-bf2a3290,prod-47e73109,2023-10-16
1,usr-46905193,prod-ff56c0b4,2023-01-20
1,usr-22aaa082,prod-52f7b290,2023-12-20
1,usr-e5031a4d,prod-1caa7151,2023-02-24
1,usr-31e56c24,prod-112adae9,2023-03-26
1,usr-7d1ac601,prod-a1971b69,2023-05-11
1,usr-c968c375,prod-d473b1a6,2023-03-21
1,usr-576c011d,prod-96dfc467,2023-06-04
1,usr-802cad2b,prod-8e12b86d,2023-12-28
1,usr-9c6355be,prod-422b553d,2024-01-08
1,usr-d885a3bc,prod-dc469ed9,2023-11-18
1,usr-802cad2b,prod-2d93b618,2024-01-05
1,usr-d3e0d34b,prod-2af8f1f5,2023-10-16
1,usr-b4cc6812,prod-f934a0cf,2023-11-07
1,usr-1a929e70,prod-05b3dd01,2023-05-20
1,usr-f01d6a7e,prod-f1d3154b,2023-06-17
1,usr-f2bbf589,prod-7e1e4135,2023-06-01
1,usr-61e5cada,prod-abdb36f3,2024-01-25
1,usr-31eb8775,prod-6115657f,2024-01-29
1,usr-821b5391,prod-f8549a2e,2023-01-22
1,usr-fa66ede6,prod-2762959c,2023-01-16
1,usr-9a015d8e,prod-9ab6cd90,2023-01-31
1,usr-fb3e9623,prod-5e9d9b55,2023-03-12
1,usr-cd2f2ec2,prod-337925e4,2023-03-10
1,usr-b2c9fd41,prod-06e394b3,2023-09-26
1,usr-43d993dc,prod-222fdfd2,2023-07-02
1,usr-5b0e70e3,prod-968a7f30,2023-08-21
1,usr-1babf2b8,prod-5ba9d4a4,2023-09-20
1,usr-cf7d3a7b,prod-353fbbf5,2024-01-24
1,usr-4c86d48c,prod-66126184,2023-11-29
1,usr-f7eae2a6,prod-4f2f1d9d,2024-01-05
1,usr-8e135113,prod-0f39df0e,2023-01-28
1,usr-19d5149b,prod-07a244a3,2023-05-05
1,usr-9a015d8e,prod-c1f1235f,2023-01-29
1,usr-e801fcd0,prod-db202002,2023-03-09
1,usr-edd1e48e,prod-eae8c133,2023-04-16
1,usr-e7805ec9,prod-0fffa220,2023-07-19
1,usr-f01d6a7e,prod-219e9fd3,2023-11-30
1,usr-4fcc955c,prod-9d2cc445,2023-02-14
1,usr-88a50a6e,prod-6910721d,2023-08-16
1,usr-1c103460,prod-fd6b9bb6,2023-03-25
1,usr-9ba8a029,prod-e29662ec,2023-09-12
1,usr-befc4464,prod-5525afac,2023-10-21
1,usr-46905193,prod-107955a3,2023-05-25
1,usr-be6fc7ae,prod-0e6f1bc1,2023-04-01
1,usr-be6fc7ae,prod-5a0e3e0f,2023-09-14
1,usr-2ed6a909,prod-2f57f299,2023-02-02
1,usr-df56e82a,prod-a3256b5c,2023-06-09
1,usr-1babf2b8,prod-8a4caf09,2023-02-22
1,usr-f4f9a207,prod-220e98db,2023-06-23
1,usr-d5f7f43d,prod-b44600e0,2023-02-01
1,usr-f01d6a7e,prod-3fbb3d49,2023-12-09
1,usr-03e84880,prod-52f60e2e,2023-05-14
1,usr-6e82ff08,prod-337925e4,2023-10-02
1,usr-67a12ef9,prod-879ad9a0,2024-01-12
1,usr-fc3dce2a,prod-44d48293,2023-01-19
1,usr-ed3d1cb7,prod-93f34fee,2023-08-28
1,usr-a1046e7c,prod-1387680d,2023-06-02
1,usr-606088bf,prod-a1523ac3,2023-05-20
1,usr-55f77199,prod-803c1fb5,2023-10-06
1,usr-0dbca433,prod-8b9d42c2,2023-12-26
1,usr-5b0a7894,prod-f7307b30,2023-08-28
1,usr-d5f7f43d,prod-683d59cd,2023-06-17
1,usr-e586ad9a,prod-e58dab2c,2023-07-25
1,usr-5a052815,prod-d296ef32,2023-05-31
1,usr-8c37fb97,prod-805f5947,2024-01-30
1,usr-18e5deed,prod-a4c881ae,2024-01-10
1,usr-1a64f9e8,prod-f99129a7,2023-03-26
1,usr-517d8cb7,prod-5216d08b,2023-01-27
1,usr-ea9dc933,prod-67142f7d,2023-08-15
1,usr-fece1b7c,prod-afab47cc,2023-08-21
1,usr-b0338418,prod-6ec120e1,2023-05-26
1,usr-c3134135,prod-7301058a,2023-05-02
1,usr-0e636010,prod-e064a277,2023-02-06
1,usr-fea421ca,prod-f8be33ff,2023-09-02
1,usr-2ea2e4ca,prod-77f8470e,2023-04-03
1,usr-fb3e9623,prod-afef592f,2023-11-30
1,usr-ca983da7,prod-8db7dbe3,2023-03-23
1,usr-63139c4c,prod-04317c60,2023-11-09
1,usr-f01d6a7e,prod-f99129a7,2024-01-29
1,usr-2e90f097,prod-f52e384d,2023-10-04
1,usr-38bf583d,prod-fc55b21a,2024-01-12
1,usr-044499b1,prod-51ce78d8,2023-07-18
1,usr-5b0a7894,prod-de9b5caf,2023-10-09
1,usr-f01d6a7e,prod-13f75a87,2023-04-16
1,usr-d3ed7d08,prod-984095ae,2023-03-21
1,usr-6e5aaf7b,prod-fd6b9bb6,2023-07-13
1,usr-e5031a4d,prod-2d5ab508,2023-11-01
1,usr-c0107131,prod-5e70e06e,2023-06-16
1,usr-59038418,prod-4f682000,2023-02-03
1,usr-f04c75d7,prod-abff3cf3,2023-11-23
1,usr-5aade24b,prod-a3effd52,2023-03-03
1,usr-f92f9c4d,prod-6910721d,2023-06-16
1,usr-92063100,prod-bde22133,2023-12-31
1,usr-8bff52ed,prod-2199dd7c,2023-05-21
1,usr-25d26aa6,prod-f45cd572,2023-11-02
1,usr-ada8b8bd,prod-26547f79,2023-07-26
1,usr-587813d2,prod-3711ba72,2023-07-16
1,usr-9c6355be,prod-dc96b100,2023-04-11
1,usr-d5f7f43d,prod-33cf7607,2023-06-08
1,usr-8bff52ed,prod-efdde17c,2023-02-14
1,usr-0bc75854,prod-aadb2bf3,2023-11-04
1,usr-86dc3cfe,prod-e5c518bf,2023-08-17
1,usr-3558bbdd,prod-7c320b49,2023-11-14
1,usr-edd1e48e,prod-2ea97ed3,2023-06-03
1,usr-fab88057,prod-600f357a,2023-10-14
1,usr-8fc70a13,prod-b2cfe15c,2023-08-17
1,usr-7f4c4c75,prod-28c021c0,2023-10-24
1,usr-4d664edc,prod-c82123ef,2023-10-25
1,usr-cf7d3a7b,prod-9f9d1711,2023-05-23
1,usr-5d57d842,prod-59874931,2023-09-23
1,usr-95ed7f31,prod-247c431c,2023-04-02
1,usr-b2c9fd41,prod-e6c6b09f,2023-10-20
1,usr-b0338418,prod-2fdfa220,2023-02-19
1,usr-fcd2e6f8,prod-97210638,2023-11-16
1,usr-863f94f9,prod-b2cfe15c,2023-12-27
1,usr-768487c6,prod-05b3dd01,2023-01-31
1,usr-905c0529,prod-f6671d73,2023-10-10
1,usr-155e0ea4,prod-62e270dd,2023-10-23
1,usr-b4cc6812,prod-73f92c7d,2023-12-20
1,usr-4844cb4c,prod-9d602411,2023-06-07
1,usr-cd1d9a17,prod-92df7c71,2023-08-22
1,usr-768487c6,prod-566c9daf,2024-01-14
1,usr-2ea2e4ca,prod-a342279f,2023-09-25
1,usr-ac536fdd,prod-743fc6b4,2023-03-01
1,usr-d2b82aa2,prod-5516c187,2023-01-22
1,usr-ec454ed0,prod-e064a277,2023-09-06
1,usr-a1a37788,prod-9028d738,2023-05-15
1,usr-954b130f,prod-dead5de5,2023-02-13
1,usr-fb2463d4,prod-0ef89630,2023-11-19
1,usr-0e636010,prod-2d8e8f10,2023-10-10
1,usr-82895527,prod-5ecfac5c,2023-03-23
1,usr-3032360b,prod-b53153bf,2023-09-16
1,usr-41ba2370,prod-dece3136,2023-07-16
1,usr-d7f9a8df,prod-c3cea94c,2023-08-18
1,usr-088dfa4d,prod-cefe1af7,2023-02-26
1,usr-f67c2be6,prod-1c725e2f,2023-11-24
1,usr-e586ad9a,prod-7ce5b41c,2023-11-28
1,usr-735f86d2,prod-f99129a7,2024-01-10
1,usr-fcd2e6f8,prod-77c44ed8,2023-05-04
1,usr-fb3e9623,prod-e5c518bf,2023-02-23
1,usr-e18a7b96,prod-6d6208f6,2023-07-26
1,usr-a1046e7c,prod-33cf7607,2023-05-23
1,usr-d2771e28,prod-0ef89630,2023-12-20
1,usr-08c2d8e3,prod-76dfc86e,2023-04-21
1,usr-2605b31d,prod-aefcee84,2023-11-13
1,usr-e42c8b9d,prod-bd765ed8,2023-05-25
1,usr-32956dda,prod-38535b22,2024-01-10
1,usr-ff41e9fc,prod-5569c58c,2023-12-09
1,usr-ea9dc933,prod-d8f2cc20,2023-10-13
1,usr-f4f9a207,prod-3c81392c,2023-04-10
1,usr-6aee717e,prod-43369e8a,2023-03-30
1,usr-edd1e48e,prod-29203224,2023-06-21
1,usr-09010cf1,prod-92a1ee6b,2023-10-23
1,usr-4c86d48c,prod-fd6b9bb6,2024-01-23
1,usr-606088bf,prod-da8e02e8,2023-04-08
1,usr-155e0ea4,prod-95f8cd68,2023-09-26
1,usr-6083d943,prod-d0902034,2023-12-13
1,usr-d8013104,prod-44651832,2023-03-18
1,usr-38bf583d,prod-f8be33ff,2023-10-24
1,usr-31e56c24,prod-6a7342fc,2023-01-27
1,usr-43d993dc,prod-8f431546,2023-09-18
1,usr-f2bbf589,prod-30b12c1e,2023-10-21
1,usr-55f77199,prod-f3857438,2023-04-07
1,usr-cac32514,prod-1caa7151,2024-01-30
1,usr-f66ba022,prod-0454f016,2023-05-21
1,usr-039e038a,prod-b5806e41,2024-01-16
1,usr-c879d041,prod-9ab6cd90,2023-04-27
1,usr-b4cc6812,prod-a913a778,2023-05-02
1,usr-8e135113,prod-6a7342fc,2023-10-23
1,usr-51283925,prod-f84c68c5,2023-07-10
1,usr-4e0d240a,prod-9b4f3be7,2023-03-20
1,usr-0d46edd3,prod-600a5916,2023-05-24
1,usr-a7f362fd,prod-efdde17c,2023-08-31
1,usr-821b5391,prod-5e9d9b55,2023-11-04
1,usr-a1046e7c,prod-22f95928,2023-09-27
1,usr-a3b72ece,prod-a2d63bd6,2023-11-13
1,usr-f66ba022,prod-94c2a2fd,2023-02-14
1,usr-4e0d240a,prod-41849819,2023-06-16
1,usr-8fc70a13,prod-197d42dd,2023-12-09
1,usr-88503b23,prod-71d43cbc,2023-03-13
1,usr-821b5391,prod-cc02586b,2023-09-02
1,usr-6e5aaf7b,prod-a8d264c7,2023-07-03
1,usr-f548a45f,prod-750f3031,2023-02-28
1,usr-fea421ca,prod-9c11d606,2023-09-26
1,usr-d2771e28,prod-107955a3,2023-04-09
1,usr-25d26aa6,prod-983314fd,2023-05-19
1,usr-607f1a08,prod-26547f79,2023-02-13
1,usr-64c6a892,prod-6910721d,2023-11-16
1,usr-09010cf1,prod-0c2e0830,2023-03-22
1,usr-8a8b69e7,prod-20ec6306,2023-05-02
1,usr-6bf4b8bb,prod-511f9daf,2023-02-09
1,usr-ed3d1cb7,prod-66126184,2023-11-12
1,usr-ba1ffa8a,prod-a913a778,2023-06-22
1,usr-d59cad8a,prod-f33e2ee0,2023-06-30
1,usr-5dbbd189,prod-f797459c,2023-09-15
1,usr-88503b23,prod-b5806e41,2024-01-31
1,usr-5aade24b,prod-5569c58c,2023-08-27
1,usr-9d8446ae,prod-4820d7ae,2023-02-05
1,usr-954b130f,prod-e2b1a15f,2024-01-27
1,usr-2ea2e4ca,prod-a6978d38,2023-03-28
1,usr-0583e3af,prod-4914c26f,2023-07-21
1,usr-ac536fdd,prod-fb82b356,2023-09-12
1,usr-e7805ec9,prod-b7ce070b,2024-01-06
1,usr-4c8d32fd,prod-929845f0,2023-06-15
1,usr-8a8b69e7,prod-9464d959,2023-09-09
1,usr-950a4b93,prod-41849819,2023-08-02
1,usr-46ca183c,prod-b1cf673d,2023-06-11
1,usr-f66ba022,prod-930cf3ac,2023-02-10
1,usr-fcd5ab19,prod-7a8e9deb,2023-07-20
1,usr-d7f9a8df,prod-87ea5c6b,2023-03-18
1,usr-88503b23,prod-5eb5ab98,2024-01-19
1,usr-88a50a6e,prod-ab7ad985,2024-01-13
1,usr-5e401bb5,prod-e8feeb13,2024-01-07
1,usr-fe88e05a,prod-d583d713,2023-05-14
1,usr-69eba04a,prod-2f5689e4,2023-07-02
1,usr-d8642140,prod-4ace2447,2023-07-02
1,usr-88503b23,prod-993fcdd5,2023-10-21
1,usr-5b0a7894,prod-600a5916,2023-01-20
1,usr-c54eea39,prod-51f89b0d,2023-06-15
1,usr-fcd2e6f8,prod-6fcb8977,2023-12-02
1,usr-2ea2e4ca,prod-47e73109,2023-05-28
1,usr-f4e88a7c,prod-51b54526,2023-07-22
1,usr-fa66ede6,prod-64d0f146,2023-09-05
1,usr-fa66ede6,prod-92a1ee6b,2023-10-27
1,usr-5b0a7894,prod-694e1f67,2023-05-16
1,usr-a130a4a5,prod-4d6a6b2e,2023-01-20
1,usr-3032360b,prod-f8549a2e,2023-08-18
1,usr-8a8b69e7,prod-182e34c3,2023-07-10
1,usr-f7eae2a6,prod-9d380741,2023-07-07
1,usr-1c103460,prod-d583d713,2024-01-22
1,usr-a86828e6,prod-28b80c25,2023-05-16
1,usr-5c996a68,prod-7ead12c2,2023-12-29
1,usr-41ba2370,prod-4a12f855,2023-06-20
1,usr-9451dee1,prod-c1868dbe,2023-12-26
1,usr-fa698e22,prod-c1868dbe,2023-08-21
1,usr-cf7d3a7b,prod-de04be08,2023-02-01
1,usr-cb3066b7,prod-e02be838,2023-04-11
1,usr-ca983da7,prod-c1cec3e6,2023-03-14
1,usr-03e9a3ba,prod-92a1ee6b,2024-01-02
1,usr-b99da0d2,prod-36920e2e,2023-05-14
1,usr-d2b82aa2,prod-2c7349b1,2024-01-19
1,usr-8b3c0733,prod-4914c26f,2023-07-18
1,usr-fb745be4,prod-1dbe22cb,2023-01-15
1,usr-d5f7f43d,prod-a93925e6,2023-10-10
1,usr-fc3dce2a,prod-220e98db,2023-07-08
1,usr-b99da0d2,prod-2b197764,2023-12-24
1,usr-be6fc7ae,prod-6d9b5969,2023-06-26
1,usr-0d46edd3,prod-7a39f6ec,2024-01-17
1,usr-d3e0d34b,prod-b71d2ad6,2023-08-25
1,usr-e18a7b96,prod-2764ac5a,2023-04-29
1,usr-d5f7f43d,prod-761c1150,2023-12-02
1,usr-be6fc7ae,prod-3fad0549,2024-01-12
1,usr-d8013104,prod-b74e93f9,2023-04-18
1,usr-b2e46dab,prod-c75bbef0,2023-09-24
1,usr-75dac993,prod-0c2e0830,2023-12-18
1,usr-4d664edc,prod-f99129a7,2024-01-20
1,usr-c165d5bd,prod-4c9df791,2023-03-29
1,usr-576c011d,prod-2e1e2fb8,2023-04-10
1,usr-4fcc955c,prod-5c4f1722,2023-02-05
1,usr-8d8c58bc,prod-a065fd7a,2023-12-22
1,usr-802cad2b,prod-9d2cc445,2023-11-13
1,usr-10c868d4,prod-9e5ac973,2024-01-06
1,usr-bee48d6b,prod-9632827e,2023-10-17
1,usr-d2b82aa2,prod-272a7319,2023-06-13
1,usr-7f4c4c75,prod-7a8e9deb,2023-12-27
1,usr-17a13355,prod-847844d8,2024-01-03
1,usr-7d1ac601,prod-dc469ed9,2023-01-20
1,usr-dac5c395,prod-38535b22,2023-09-30
1,usr-e3d6b4bf,prod-4d660d3d,2023-04-14
1,usr-e7805ec9,prod-c34df271,2023-08-17
1,usr-567871a3,prod-61ddfd46,2023-09-08
1,usr-4844cb4c,prod-c4fe0cd8,2023-07-20
1,usr-02d28016,prod-6ea88ad7,2023-07-25
1,usr-10c868d4,prod-a3effd52,2023-02-19
1,usr-86dc3cfe,prod-247c431c,2023-07-24
1,usr-d8642140,prod-6d6208f6,2023-08-31
1,usr-38bb498f,prod-5c4f1722,2023-03-18
1,usr-c5ec8054,prod-e302ed00,2023-09-09
1,usr-63139c4c,prod-15e5495f,2023-04-27
1,usr-e586ad9a,prod-52f7b290,2023-02-17
1,usr-b0338418,prod-b74e93f9,2023-09-21
1,usr-587813d2,prod-7e9ce580,2023-01-30
1,usr-be6fc7ae,prod-15c91d8b,2023-09-30
1,usr-dad43a58,prod-9ce31e57,2024-01-19
1,usr-88b5a365,prod-3fbb3d49,2023-09-17
1,usr-22aaa082,prod-5ba9d4a4,2023-07-03
1,usr-92063100,prod-de04be08,2023-02-25
1,usr-a7f362fd,prod-8f431546,2024-01-20
1,usr-74345855,prod-1983abbd,2023-04-05
1,usr-3558bbdd,prod-9f9d1711,2023-05-07
1,usr-d4cc9d61,prod-745c0afd,2023-06-17
1,usr-0e636010,prod-b2cfe15c,2023-09-16
1,usr-f01d6a7e,prod-5ba9d4a4,2023-11-07
1,usr-f24a47be,prod-780b9a67,2023-09-15
1,usr-0bc75854,prod-afab47cc,2023-01-24
1,usr-a3b72ece,prod-91454ffe,2023-06-08
1,usr-a6d2a550,prod-0e228077,2023-10-21
1,usr-587813d2,prod-8639a972,2024-01-28
1,usr-612d455a,prod-222fdfd2,2023-03-06
1,usr-08c2d8e3,prod-998073b8,2023-01-30
1,usr-0a10aa5f,prod-f4f66456,2023-03-26
1,usr-4d830a76,prod-a4c881ae,2023-07-26
1,usr-fb745be4,prod-e611f160,2023-06-04
1,usr-e801fcd0,prod-58ddaae5,2023-06-16
1,usr-e3d6b4bf,prod-21c00cf3,2023-04-22
1,usr-c7722b72,prod-2d5ab508,2023-12-15
1,usr-dc3053e9,prod-8639a972,2023-04-05
1,usr-bc7470b9,prod-5c4f1722,2023-12-01
1,usr-75dac993,prod-c82123ef,2023-12-16
1,usr-61e5cada,prod-7311ebed,2023-06-26
1,usr-8c37fb97,prod-5525afac,2023-04-16
1,usr-88503b23,prod-a1825fd0,2023-01-15
1,usr-088dfa4d,prod-ea33620e,2023-02-24
1,usr-d3a930b6,prod-9dbceb22,2023-03-18
1,usr-3032360b,prod-353fbbf5,2023-03-03
1,usr-cd2f2ec2,prod-26bce4be,2023-10-15
1,usr-98610fc6,prod-c62ad898,2024-01-09
1,usr-155e0ea4,prod-8c8d8070,2024-01-06
1,usr-a660a97c,prod-91454ffe,2023-12-22
1,usr-9017d93e,prod-03476f0a,2023-09-27
1,usr-f2bbf589,prod-bae9c15d,2023-03-04
1,usr-ed3d1cb7,prod-e4769d14,2023-11-19
1,usr-5c996a68,prod-d1019843,2023-01-28
1,usr-8a8b69e7,prod-ae87c23b,2023-06-04
1,usr-3032360b,prod-4d660d3d,2023-08-25
1,usr-d3a930b6,prod-43195159,2023-06-02
1,usr-f89eca00,prod-fdc3e824,2023-02-24
1,usr-09010cf1,prod-0454f016,2023-02-05
1,usr-0924ca48,prod-aadb2bf3,2023-01-16
1,usr-aff16f5a,prod-745c0afd,2023-01-20
1,usr-a130a4a5,prod-6d5f18f9,2023-01-31
1,usr-14b7ede9,prod-efdde17c,2023-01-25
1,usr-8bff52ed,prod-17380c1c,2023-06-10
1,usr-950a4b93,prod-a6978d38,2023-10-20
1,usr-cf4094e8,prod-2ef7b468,2023-03-23
1,usr-fc3dce2a,prod-1387680d,2023-11-25
1,usr-60f4ad6c,prod-c6e923a4,2023-03-20
1,usr-fcd2e6f8,prod-71a4f0a5,2023-06-29
1,usr-f434518c,prod-6d95b717,2024-01-14
1,usr-d8642140,prod-afab47cc,2023-06-06
1,usr-8c37fb97,prod-66580a9b,2023-03-21
1,usr-d3ed7d08,prod-72e47a0c,2023-10-13
1,usr-d8471a9e,prod-fffc638b,2023-03-26
1,usr-ada8b8bd,prod-e302ed00,2023-11-14
1,usr-aff16f5a,prod-cbd84491,2023-03-11
1,usr-d00aae76,prod-761c1150,2023-05-20
1,usr-fe88e05a,prod-2af8f1f5,2023-06-13
1,usr-46ca183c,prod-57f9ac39,2023-09-29
1,usr-cda4df6b,prod-aefcee84,2023-11-25
1,usr-fab88057,prod-7a8e9deb,2023-02-19
1,usr-5b0a7894,prod-75390c6c,2023-04-12
1,usr-88b5a365,prod-219e9fd3,2023-05-18
1,usr-d3a930b6,prod-f84c68c5,2023-12-05
1,usr-67a12ef9,prod-92df7c71,2023-04-24
1,usr-d8642140,prod-06e394b3,2023-12-31
1,usr-bea1b101,prod-dece3136,2023-02-18
1,usr-5e401bb5,prod-8ae278d4,2023-07-09
1,usr-d8c8071f,prod-b1409189,2023-08-20
1,usr-f4e88a7c,prod-d0902034,2023-05-08
1,usr-9ba8a029,prod-bc9c18b3,2023-11-18
1,usr-eb4d1c0e,prod-422b553d,2023-12-30
1,usr-9200cd48,prod-f1d3154b,2023-06-24
1,usr-31e56c24,prod-09073c4f,2023-10-28
1,usr-48344912,prod-decdb7e4,2023-07-25
1,usr-f4e88a7c,prod-600f357a,2023-09-23
1,usr-19d5149b,prod-2ed913c1,2023-06-13
1,usr-cb6af303,prod-9c11d606,2023-02-20
1,usr-bea1b101,prod-d3a303fc,2023-05-14
1,usr-071a7f70,prod-2a29db4a,2023-01-23
1,usr-17a13355,prod-bdd5bc39,2023-07-20
1,usr-c7722b72,prod-ea33620e,2023-06-21
1,usr-95ed7f31,prod-6ec120e1,2023-11-08
1,usr-f24a47be,prod-3767adf8,2023-01-20
1,usr-567871a3,prod-b3a20247,2023-02-03
1,usr-bea1b101,prod-b648a95f,2023-08-14
1,usr-02d28016,prod-c6dce53d,2023-08-24
1,usr-4844cb4c,prod-f6671d73,2023-02-05
1,usr-f89eca00,prod-4bc96b9b,2023-11-28
1,usr-74345855,prod-f8be33ff,2023-02-21
1,usr-aff16f5a,prod-5e640a00,2023-04-20
1,usr-e45b21c7,prod-7e1e4135,2023-07-05
1,usr-03e84880,prod-a065fd7a,2023-12-02
1,usr-9200cd48,prod-15ff73d5,2023-03-24
1,usr-612d455a,prod-dc35a268,2023-02-17
1,usr-fb2463d4,prod-2ae54ffc,2023-03-03
1,usr-6083d943,prod-41849819,2023-11-30
1,usr-69eba04a,prod-5ecfac5c,2023-06-22
1,usr-d00aae76,prod-7805b59b,2023-10-01
1,usr-c5ec8054,prod-21c00cf3,2023-05-03
1,usr-d8642140,prod-5eb5ab98,2023-05-26
1,usr-75dac993,prod-0fffa220,2023-08-11
1,usr-f548a45f,prod-44d48293,2023-02-08
1,usr-fb3e9623,prod-3b27e5eb,2024-01-08
1,usr-85fcbd72,prod-a93925e6,2023-08-15
1,usr-ada8b8bd,prod-3fbb3d49,2023-12-14
1,usr-a3b72ece,prod-2f5689e4,2023-10-07
1,usr-c54eea39,prod-6a7342fc,2023-02-11
1,usr-31eb8775,prod-7b35820f,2023-11-09
1,usr-5b0e70e3,prod-04317c60,2023-12-21
1,usr-4844cb4c,prod-b44600e0,2023-06-06
1,usr-b4cc6812,prod-c0f24339,2023-09-17
1,usr-b63421a7,prod-9e5ac973,2023-12-02
1,usr-905c0529,prod-bd765ed8,2023-11-28
1,usr-ca91e8ad,prod-63344a27,2023-07-23
1,usr-9a015d8e,prod-c59bd85f,2023-06-30
1,usr-44d7c355,prod-a0ee6b03,2023-08-16
1,usr-17a13355,prod-9d602411,2023-10-09
1,usr-d59cad8a,prod-6570f705,2023-04-24
1,usr-8b3c0733,prod-4dffcb8f,2023-10-01
1,usr-38bb498f,prod-ae87c23b,2024-01-01
1,usr-5b0e70e3,prod-5ecfac5c,2023-04-22
1,usr-328051d5,prod-a233525a,2023-04-23
1,usr-08dbe213,prod-5f255077,2023-06-07
1,usr-76b3deed,prod-a065fd7a,2023-03-26
1,usr-f92f9c4d,prod-f135147d,2023-02-14
1,usr-8bff52ed,prod-2c7349b1,2023-02-07
1,usr-eec74cf5,prod-c82123ef,2023-03-03
1,usr-eb4d1c0e,prod-14bd131f,2023-05-06
1,usr-328051d5,prod-b3dfdbce,2024-01-29
1,usr-14b7ede9,prod-5525afac,2024-01-18
1,usr-755b9a01,prod-66e38705,2023-10-08
1,usr-d8471a9e,prod-2b197764,2023-12-10
1,usr-eee63934,prod-5349f200,2023-12-14
1,usr-d885a3bc,prod-71a4f0a5,2023-04-10
1,usr-1924b5ec,prod-1387680d,2024-01-21
1,usr-44d7c355,prod-4d660d3d,2023-03-12
1,usr-4e0d240a,prod-f4f66456,2023-04-15
1,usr-0597d68f,prod-b5806e41,2023-06-11
1,usr-735f86d2,prod-799092ee,2023-03-11
1,usr-fece1b7c,prod-d9f2cbd2,2023-10-30
1,usr-1924b5ec,prod-5c4f1722,2023-04-01
1,usr-d4cc9d61,prod-99e65de9,2023-02-20
1,usr-43d993dc,prod-7d40d7f5,2023-04-08
1,usr-fa698e22,prod-219e9fd3,2023-01-29
1,usr-9ccd6726,prod-1ac8ef88,2023-01-29
1,usr-cf4094e8,prod-2d8e8f10,2023-11-04
1,usr-ec454ed0,prod-f33e2ee0,2023-10-09
1,usr-befc4464,prod-4914c26f,2023-06-05
1,usr-0d46edd3,prod-1387680d,2023-02-17
1,usr-1924b5ec,prod-77c44ed8,2024-01-31
1,usr-514ccdaf,prod-74484c14,2023-11-19
1,usr-755b9a01,prod-c1cec3e6,2023-12-15
1,usr-fece1b7c,prod-c1cec3e6,2023-11-19
1,usr-5a052815,prod-f6671d73,2023-06-28
1,usr-b0338418,prod-bd765ed8,2023-01-27
1,usr-c165d5bd,prod-15c91d8b,2023-08-09
1,usr-52ed6704,prod-8f431546,2023-12-13
1,usr-e38fa428,prod-61da453d,2024-01-05
1,usr-09786814,prod-520b6708,2023-04-10
1,usr-2e012f50,prod-761c1150,2023-09-03
1,usr-f2bbf589,prod-dc35a268,2023-04-03
1,usr-576c011d,prod-9be7ddde,2023-07-16
1,usr-44d7c355,prod-bfb15b4d,2023-03-02
1,usr-1d676ed6,prod-5a558b4d,2023-03-19
1,usr-b481aa61,prod-96dfc467,2023-01-19
1,usr-9dbd8bc7,prod-761f077f,2023-12-06
1,usr-2ea2e4ca,prod-8b9d42c2,2023-04-25
1,usr-c54eea39,prod-dc96b100,2023-09-14
1,usr-59038418,prod-51b54526,2023-12-01
1,usr-52ed6704,prod-e783ff58,2024-01-13
1,usr-8e135113,prod-1308b7ce,2023-09-04
1,usr-be6fc7ae,prod-9f9d1711,2023-05-04
1,usr-61066281,prod-51b54526,2023-08-14
1,usr-5dbbd189,prod-f135147d,2023-07-05
1,usr-f434518c,prod-b5806e41,2024-01-17
1,usr-d00aae76,prod-2e92da2d,2023-04-25
1,usr-dad43a58,prod-44651832,2023-09-30
1,usr-d3ed7d08,prod-68767a93,2023-07-21
1,usr-0bc75854,prod-c246985b,2023-11-03
1,usr-4d830a76,prod-4914c26f,2023-07-10
1,usr-3510ce29,prod-9ce31e57,2024-01-13
1,usr-612d455a,prod-adb7a837,2023-02-01
1,usr-d3ed7d08,prod-21bf94d8,2023-10-16
1,usr-9200cd48,prod-1ac8ef88,2023-12-26
1,usr-9017d93e,prod-38535b22,2024-01-09
1,usr-76e382f8,prod-706c96bd,2023-07-08
1,usr-b99da0d2,prod-935383a6,2023-04-29
1,usr-bee48d6b,prod-d96a92f7,2023-11-08
1,usr-cda4df6b,prod-07a244a3,2024-01-12
1,usr-1924b5ec,prod-321bac1d,2023-01-29
1,usr-863f94f9,prod-2c7349b1,2023-12-18
1,usr-0dbca433,prod-c59bd85f,2023-01-22
1,usr-8c37fb97,prod-a75aeab8,2023-08-19
1,usr-fb2463d4,prod-b66e0e9d,2023-07-20
1,usr-4844cb4c,prod-58ddaae5,2024-01-23
1,usr-4d664edc,prod-b2cfe15c,2023-05-03
1,usr-9017d93e,prod-d96a92f7,2023-09-26
1,usr-4844cb4c,prod-a4769556,2023-04-17
1,usr-fcd5ab19,prod-cefe1af7,2023-10-10
1,usr-46ca183c,prod-ba21094a,2023-07-23
1,usr-51283925,prod-a8d078fc,2023-09-29
1,usr-6bf4b8bb,prod-2d8e8f10,2023-12-09
1,usr-612d455a,prod-4f682000,2023-05-24
1,usr-8c37fb97,prod-22f95928,2023-07-17
1,usr-155e0ea4,prod-4dffcb8f,2023-12-03
1,usr-92063100,prod-21bf94d8,2023-12-23
1,usr-e4a3b9a0,prod-d18ed1a5,2023-10-08
1,usr-5f872e95,prod-1d885bd8,2023-10-12
1,usr-755b9a01,prod-090c0812,2023-03-15
1,usr-8bff52ed,prod-a0e3cd35,2023-04-05
1,usr-afbcc355,prod-2a29db4a,2023-08-01
1,usr-802cad2b,prod-14c8086e,2023-05-21
1,usr-a24b7d55,prod-1caa7151,2024-01-20
1,usr-d2260722,prod-f7307b30,2023-11-13
1,usr-df040af4,prod-f797459c,2023-02-05
1,usr-dac5c395,prod-29091770,2023-03-18
1,usr-b63421a7,prod-18ddbfa8,2023-08-03
1,usr-2a743762,prod-3fad0549,2023-08-23
1,usr-3190cad9,prod-f8be33ff,2023-08-20
1,usr-a1046e7c,prod-7320fc86,2024-01-31
1,usr-612d455a,prod-a065fd7a,2023-02-19
1,usr-3032360b,prod-2f5689e4,2023-03-09
1,usr-46ca183c,prod-d3a303fc,2023-11-25
1,usr-bc7470b9,prod-9d380741,2023-02-04
1,usr-f7eae2a6,prod-aef9ef34,2023-05-22
1,usr-df040af4,prod-c6dce53d,2023-06-07
1,usr-7f4c4c75,prod-e398bbd3,2023-10-03
1,usr-85fcbd72,prod-2a29db4a,2023-07-23
1,usr-4844cb4c,prod-98898274,2023-10-12
1,usr-514ccdaf,prod-9f9d1711,2023-04-23
1,usr-c165d5bd,prod-e4769d14,2023-04-03
1,usr-28ae7fc8,prod-93f34fee,2023-08-28
1,usr-64c6a892,prod-4c9df791,2023-03-20
1,usr-7ed71dcc,prod-6a3d3691,2023-07-19
1,usr-607f1a08,prod-1b97f06e,2023-08-30
1,usr-9ba8a029,prod-9d2cc445,2023-02-27
1,usr-6aee717e,prod-1dbe22cb,2023-06-22
1,usr-9c6355be,prod-2d6cb2a3,2023-06-10
1,usr-b2e46dab,prod-92df7c71,2023-04-13
1,usr-4d664edc,prod-e4769d14,2023-04-12
