view_id_placeholder,user_guid_fk,stream_guid_fk,viewed_at,duration_ms,percentage_watched
1,usr-0d767918,strm-e1f51435,2024-01-18,2881978,0.49885208875028053
1,usr-e3d6b4bf,strm-573d1a00,2023-08-25,2277288,0.6989071833792011
1,usr-0597d68f,strm-5e77373a,2023-12-12,1831815,0.9112436903964445
1,usr-ccde6a87,strm-5b39c04d,2023-09-30,3186500,0.7589071647477923
1,usr-60f4ad6c,strm-91b92ea6,2024-01-22,1173011,0.3065370070115433
1,usr-9a015d8e,strm-5c671bd4,2023-10-12,2467396,0.6831493408596975
1,usr-4c86d48c,strm-f78b2c9e,2024-01-25,3069705,0.17461283918575837
1,usr-dad43a58,strm-d04238d8,2023-09-03,352537,0.8842008858643939
1,usr-24bbb2d6,strm-7067824d,2023-11-03,2138277,0.2986812373893708
1,usr-cd2f2ec2,strm-c9bb6a1a,2024-01-17,1063258,0.10562003898260579
1,usr-61066281,strm-234697c0,2024-01-25,620190,0.23432999119732628
1,usr-a130a4a5,strm-a5fafd5b,2024-01-22,3486836,0.6515800663607406
1,usr-a6d2a550,strm-9497fa61,2023-12-25,1415569,0.8450974264685679
1,usr-afbcc355,strm-2a3381cd,2023-12-27,3456584,0.7924092371732079
1,usr-09010cf1,strm-ac83e03b,2023-09-22,933046,0.5871874471562203
1,usr-905c0529,strm-eb62d0c1,2023-10-12,654547,0.16663564716007287
1,usr-e586ad9a,strm-c3fab07a,2024-01-27,2027163,0.8145760064064048
1,usr-f24a47be,strm-d0f87ae1,2024-01-23,3085695,0.09702438825167117
1,usr-9d8446ae,strm-9467782e,2023-11-21,3188658,0.9817521670680299
1,usr-9ccd6726,strm-c9bb6a1a,2023-12-30,2610449,0.7153335698281198
1,usr-4c23df88,strm-1dbf3f3a,2023-11-30,885076,0.20783826152203705
1,usr-2e012f50,strm-edcd2ec3,2023-11-28,248242,0.39584889655060185
1,usr-dad43a58,strm-2213d44b,2023-09-14,2236641,0.9514869151190956
1,usr-c5ec8054,strm-72993abf,2023-09-15,2633562,0.6128433069219372
1,usr-4e0d240a,strm-8a045fb0,2023-11-10,2015597,0.9068021888392308
1,usr-155e0ea4,strm-cf754d74,2023-09-10,1773265,0.1514801625275802
1,usr-155e0ea4,strm-3392a92a,2023-10-21,256595,0.24209791590212892
1,usr-98610fc6,strm-5c671bd4,2023-08-27,477423,0.3377049654772373
1,usr-32956dda,strm-08b9d7b5,2023-10-07,2369139,0.050015276959144095
1,usr-9d8446ae,strm-eb56c52f,2023-12-03,2465830,0.3277299168950798
1,usr-51283925,strm-b71b82d2,2024-01-30,1181785,0.2466313802238252
1,usr-6220d0a2,strm-d7f691a1,2023-10-05,2726140,0.5122872166705807
1,usr-0924ca48,strm-a9897861,2023-09-28,2027190,0.9221779192285783
1,usr-dc3053e9,strm-6a472bca,2023-10-27,1403018,0.20274974915526195
1,usr-48344912,strm-812a1bdb,2023-10-05,3146257,0.6646384316837782
1,usr-bea1b101,strm-32de3074,2023-08-11,1440992,0.1688023252788301
1,usr-6e413631,strm-66536332,2023-11-27,383625,0.15427603617317037
1,usr-8d8c58bc,strm-0210b854,2023-10-22,1885511,0.7475324107224703
1,usr-a6d2a550,strm-7cecf8d4,2024-01-30,563901,0.7092876665120296
1,usr-7964db0d,strm-b726249b,2023-11-03,1109111,0.4399806406605874
1,usr-8c37fb97,strm-bd6280c9,2023-11-20,2373758,0.5650542705040734
1,usr-4d664edc,strm-4f5cfd2d,2023-09-15,1025086,0.1906342503374141
1,usr-d8471a9e,strm-60f0f43e,2023-09-12,575033,0.08276243330694324
1,usr-49d21b5a,strm-54e71aae,2023-09-26,2286617,0.6998038309234363
1,usr-a86828e6,strm-8704455a,2023-12-16,2019619,0.09698816880182745
1,usr-0a10aa5f,strm-c9036c72,2023-12-27,2260075,0.3269868738193686
1,usr-f24a47be,strm-a616cfae,2023-11-23,2088548,0.9029310265809773
1,usr-9451dee1,strm-bf3c90d3,2023-09-15,1679703,0.7737542554150412
1,usr-2e012f50,strm-047cd7aa,2023-11-22,3030940,0.7403923530129957
1,usr-03e9a3ba,strm-b88e5203,2023-12-31,2687926,0.8184335909710743
1,usr-f04c75d7,strm-dda3c34b,2023-12-05,1767940,0.7969123398594243
1,usr-4c86d48c,strm-b930d03c,2024-01-21,182685,0.7437614135451249
1,usr-5b0e70e3,strm-51e7f8b8,2023-12-21,1289058,0.9767109502128962
1,usr-82895527,strm-eb62d0c1,2023-10-12,2250723,0.4108378090409172
1,usr-5aade24b,strm-a4b8ea8f,2023-09-14,2585458,0.10997455262853617
1,usr-6083d943,strm-9cdc589c,2023-08-28,1170378,0.17726918953734178
1,usr-821b5391,strm-3f2e5c88,2023-08-22,1073871,0.5760451258503995
1,usr-bf2a3290,strm-6998a2bc,2023-08-18,703558,0.24839666320396087
1,usr-3510ce29,strm-567d9295,2023-11-23,1910422,0.9201312365546277
1,usr-e38fa428,strm-a5fafd5b,2023-09-19,2659201,0.29796189487537256
1,usr-36a4f828,strm-812a1bdb,2023-10-17,1965994,0.3586375390468119
1,usr-954b130f,strm-7c71fea5,2023-12-08,2248575,0.08388849085782414
1,usr-ac536fdd,strm-3ce4c0f8,2023-11-09,3121343,0.7404097104557337
1,usr-071a7f70,strm-3c5f0978,2024-01-16,2822815,0.20851897850485668
1,usr-d2771e28,strm-9386c0ae,2023-12-07,3162019,0.7268168974153788
1,usr-d3a930b6,strm-4133bd19,2023-09-08,2666090,0.2893923407736198
1,usr-8bff52ed,strm-7b13d230,2023-12-26,2544903,0.12363414408516404
1,usr-fa698e22,strm-ed5b5c67,2023-11-01,719870,0.2247192765981505
1,usr-c5ec8054,strm-6e9ddf10,2023-12-25,142875,0.49742286874987196
1,usr-75dac993,strm-c321dd43,2023-09-01,966090,0.9815826358054461
1,usr-1924b5ec,strm-b0fe52d7,2023-11-03,351517,0.7073804524602966
1,usr-e7805ec9,strm-b3b4a705,2023-12-11,173653,0.5136649658666744
1,usr-eec74cf5,strm-5b39c04d,2023-08-25,3449282,0.3557617456905493
1,usr-df040af4,strm-e3fb78f8,2023-08-12,790318,0.48754991615150595
1,usr-28ae7fc8,strm-04e40c0d,2023-09-28,3438045,0.1516779597806055
1,usr-aff16f5a,strm-3a1f1051,2024-01-05,3231270,0.2755678396760765
1,usr-715c28c3,strm-70f2bb16,2023-12-18,79638,0.6974358402302601
1,usr-48344912,strm-98025f23,2024-01-24,2814603,0.6923648159444611
1,usr-67a12ef9,strm-8a5a7b5d,2023-11-14,1583452,0.882914705621688
1,usr-22aaa082,strm-252e80c1,2024-01-10,1103623,0.9749429767089741
1,usr-6756b9ae,strm-9497fa61,2024-01-02,91928,0.08208855030383572
1,usr-b4cc6812,strm-2c80f6e7,2023-12-24,811524,0.5857604640202021
1,usr-c879d041,strm-5678a272,2023-11-12,3426835,0.3395929216471209
1,usr-a6b25129,strm-76bb8c1f,2024-01-11,142697,0.1361429790786313
1,usr-b99da0d2,strm-4bc7f295,2023-10-26,2317152,0.7919808387828342
1,usr-1ba9dbd6,strm-d4881912,2024-01-18,1278613,0.4721710249464269
1,usr-8d8c58bc,strm-2251ce90,2023-10-28,2207758,0.7407800415386658
1,usr-b99da0d2,strm-e8da3a55,2023-08-22,2362342,0.45858263644935743
1,usr-d7f9a8df,strm-dc96f842,2023-10-16,1669851,0.6153035438536701
1,usr-6083d943,strm-168e74e0,2023-11-24,2918607,0.8832431334867246
1,usr-905c0529,strm-22dd94e0,2023-08-17,924147,0.1173409993371515
1,usr-43d993dc,strm-5b39c04d,2023-11-16,647322,0.11598142954831137
1,usr-0a10aa5f,strm-dda3c34b,2024-01-09,811180,0.7640700950819329
1,usr-74345855,strm-864f6b32,2023-09-07,2858082,0.9363638867522699
1,usr-2ea2e4ca,strm-6ec2886c,2023-10-06,3208091,0.8203046359854319
1,usr-039e038a,strm-c9bb6a1a,2023-09-23,1545568,0.06015828410014861
1,usr-48344912,strm-cd27a051,2023-12-29,1406637,0.5870205464843014
1,usr-4fcc955c,strm-e5c916d1,2023-10-26,319026,0.9074868813078882
1,usr-cf4094e8,strm-e5c916d1,2023-09-11,2369709,0.36102710189656845
1,usr-567871a3,strm-b726249b,2024-01-24,2958635,0.468480514798622
1,usr-8c37fb97,strm-167be33a,2023-08-11,2769288,0.24202782873951628
1,usr-b2c9fd41,strm-62a7a9b2,2023-09-27,3542910,0.7734447011315269
1,usr-5dbbd189,strm-4d15f124,2023-08-21,1163299,0.06535993744592572
1,usr-329e341c,strm-95388783,2023-12-13,3202618,0.34463980977515585
1,usr-09786814,strm-917f2be2,2023-10-13,1764312,0.05370465753624539
1,usr-fcd2e6f8,strm-8b3938c8,2023-08-16,905507,0.8992302009914636
1,usr-a6b25129,strm-0da676c9,2023-12-02,2577897,0.7269368958080122
1,usr-c70f52dc,strm-15f13f10,2024-01-24,1341285,0.4321918659120499
1,usr-155e0ea4,strm-017269ec,2023-11-03,1095346,0.23490358971962333
1,usr-28ae7fc8,strm-127ccf3a,2023-10-18,829234,0.17391824500203237
1,usr-f4e88a7c,strm-3f189710,2023-10-24,854604,0.6635603318335139
1,usr-a130a4a5,strm-d0f87ae1,2023-11-08,3580415,0.9529628376455007
1,usr-24bbb2d6,strm-5d409a3a,2023-09-26,2785819,0.8140992764813483
1,usr-fb3e9623,strm-853f473b,2023-12-31,3316149,0.6370794095821942
1,usr-5a33ea8c,strm-238906f2,2023-10-24,1986566,0.6959742362822492
1,usr-ed3d1cb7,strm-6998a2bc,2023-09-09,567333,0.579036204094696
1,usr-1a64f9e8,strm-f0d4bcae,2023-10-18,2424333,0.6660208581971484
1,usr-4d830a76,strm-55cabf4f,2023-09-11,3569282,0.5878693253330187
1,usr-dc3053e9,strm-959d0cda,2023-10-20,320307,0.2108269101499065
1,usr-cb6af303,strm-c8caf8ff,2024-01-26,1317806,0.3181021089940888
1,usr-0a3bb694,strm-0f2b3668,2023-12-23,431524,0.14668433182315105
1,usr-a86828e6,strm-0c50aec6,2023-08-20,2324895,0.7577929221058148
1,usr-f2bbf589,strm-1faf60c3,2023-12-14,1572835,0.06864166322872506
1,usr-d3e0d34b,strm-d0f87ae1,2024-01-20,1151400,0.18307786116356028
1,usr-d2b82aa2,strm-d715d934,2024-01-15,945597,0.33631698416329187
1,usr-8c37fb97,strm-b53c939b,2023-12-03,1176463,0.9989731100341048
1,usr-7d1ac601,strm-685becbf,2023-09-23,3167424,0.8678173797850001
1,usr-bf2a3290,strm-284201f1,2023-08-30,281196,0.5352843705277454
1,usr-3190cad9,strm-7cd4fea0,2024-01-13,1803232,0.4408135051988016
1,usr-0583e3af,strm-b726249b,2023-09-21,3421467,0.11686128890517708
1,usr-329e341c,strm-a616cfae,2023-12-16,3489228,0.651418363496845
1,usr-9200cd48,strm-52725ceb,2024-01-06,910345,0.9990556530218647
1,usr-32af39e8,strm-8dbbef4c,2024-01-01,1155977,0.46961652294816214
1,usr-31e56c24,strm-a4b8ea8f,2023-11-03,2060775,0.9123225575980989
1,usr-7f4c4c75,strm-5a312371,2023-12-19,2562995,0.2096367262570603
1,usr-5fc7c74c,strm-29ff15d3,2024-01-20,193366,0.35301486919347175
1,usr-46905193,strm-3c5f0978,2023-08-14,51261,0.3888829502232008
1,usr-0583e3af,strm-9b4714c9,2023-10-18,2982932,0.09716678818507173
1,usr-0597d68f,strm-9bf427e9,2023-12-17,2282174,0.13916967269337346
1,usr-9d8446ae,strm-d1122dc7,2023-10-09,755650,0.6660362495774197
1,usr-9451dee1,strm-7b13d230,2024-01-10,2083812,0.2266460176610982
1,usr-c54eea39,strm-76886612,2024-01-02,1350176,0.5009597317833147
1,usr-d3e0d34b,strm-5d409a3a,2023-09-02,2705553,0.25467637409729577
1,usr-32956dda,strm-047cd7aa,2023-11-06,1882153,0.4562740424660303
1,usr-607f1a08,strm-b7dd9a80,2023-09-25,867466,0.45811869279433326
1,usr-28ae7fc8,strm-d4881912,2023-08-29,3269186,0.7212090375596774
1,usr-8bff52ed,strm-8704455a,2024-01-08,49148,0.5325820771438202
1,usr-ad0facb5,strm-1faf60c3,2023-08-29,718316,0.39696225754225634
1,usr-52ed6704,strm-b89a9f18,2023-12-10,2082697,0.46703143602813046
1,usr-d2b82aa2,strm-2221f87f,2023-10-31,2969039,0.6931650769081756
1,usr-4d664edc,strm-15f13f10,2023-11-03,2264676,0.26191001240771034
1,usr-fb745be4,strm-653fc9c6,2024-01-08,1500021,0.9574725475602834
1,usr-9ccd6726,strm-6a472bca,2023-12-11,2333868,0.9808391394345197
1,usr-2e90f097,strm-a3e84402,2023-10-12,3157518,0.8258982165476763
1,usr-22aaa082,strm-0af96249,2023-12-27,1602742,0.7641077298769219
1,usr-9451dee1,strm-471ae7a7,2024-01-06,2081216,0.7475447310455032
1,usr-67a12ef9,strm-d4881912,2024-01-14,3184837,0.8974177009650222
1,usr-bccff7e3,strm-9c6f51df,2023-09-16,1126579,0.22507851584973448
1,usr-d86bbc87,strm-0210b854,2023-12-01,1708349,0.31326541235373967
1,usr-a24b7d55,strm-15f13f10,2024-01-12,1108721,0.6047978621328767
1,usr-567871a3,strm-0af96249,2023-12-16,1110939,0.5665344286533753
1,usr-c0107131,strm-e8bd43b2,2023-11-24,3569348,0.5473505515297582
1,usr-3d951e61,strm-387ca54a,2024-01-31,949433,0.5336686340546891
1,usr-a1046e7c,strm-0b94b8a8,2023-12-08,2693947,0.6094258978728071
1,usr-fb745be4,strm-7d728950,2024-01-15,2963042,0.25242576183314985
1,usr-d62de943,strm-cd27a051,2023-09-29,1213275,0.6319427620958764
1,usr-18e5deed,strm-167be33a,2023-12-14,2729650,0.7306256650562504
1,usr-802cad2b,strm-5d705a2c,2024-01-30,1497601,0.9899224428844863
1,usr-8d8c58bc,strm-bc40e633,2023-09-24,3367390,0.46114718217393674
1,usr-fcd5ab19,strm-51e7f8b8,2023-12-29,3371524,0.9188808203946047
1,usr-180b1a51,strm-52725ceb,2023-08-10,2588962,0.6369720920090222
1,usr-5f872e95,strm-a9897861,2023-12-03,3140071,0.2742283159930782
1,usr-d62de943,strm-573d1a00,2023-12-07,2472168,0.2358667852360138
1,usr-3032360b,strm-e4e1dbe5,2023-11-26,966261,0.4312637362498558
1,usr-03e9a3ba,strm-c344340d,2023-09-13,2391386,0.062403538706921946
1,usr-9451dee1,strm-f04c397b,2023-12-07,2307833,0.4003170581247961
1,usr-97228f9f,strm-f18fbb1a,2023-12-02,2648776,0.6782396240115638
1,usr-63139c4c,strm-d77e6ee9,2023-10-23,538424,0.5980759197900781
1,usr-f4f9a207,strm-7cd4fea0,2023-12-26,2738777,0.37642441591854703
1,usr-0597d68f,strm-2a3381cd,2023-10-18,3086063,0.32804245185438374
1,usr-fb745be4,strm-c3fab07a,2023-08-31,712600,0.32023108324803917
1,usr-fcd2e6f8,strm-7067824d,2023-08-31,1917318,0.5809844176362575
1,usr-0bc75854,strm-d8c48340,2023-09-15,1654414,0.26805000957682895
1,usr-98610fc6,strm-7c71fea5,2023-11-04,1319237,0.16076036152725612
1,usr-bee48d6b,strm-cd27a051,2023-09-18,1802402,0.8663269530196408
1,usr-17a13355,strm-238906f2,2023-10-11,998799,0.228091776194508
1,usr-ec454ed0,strm-7226e514,2023-12-06,3173706,0.6560887020001965
1,usr-bee48d6b,strm-6998a2bc,2023-11-26,351281,0.9332301500888416
1,usr-0d46edd3,strm-387ca54a,2023-09-12,2844879,0.5643655818021508
1,usr-d86bbc87,strm-fcea3437,2023-10-13,453721,0.32710933653867336
1,usr-f24a47be,strm-ac83e03b,2023-08-14,1814295,0.1797599674533757
1,usr-09010cf1,strm-f5a96029,2024-01-11,2520224,0.640463845530395
1,usr-be6fc7ae,strm-917f2be2,2023-12-09,1681780,0.6714727323807939
1,usr-954b130f,strm-168e74e0,2023-12-10,757904,0.7280919209992188
1,usr-f67c2be6,strm-77dab2ec,2023-10-23,3383649,0.8659630359596603
1,usr-46905193,strm-f04c397b,2023-08-16,57435,0.6788622506775109
1,usr-f92f9c4d,strm-150d1cde,2023-10-04,786233,0.19117492791193813
1,usr-32af39e8,strm-bb355c98,2023-10-01,1299831,0.10885303361576332
1,usr-03e9a3ba,strm-04e40c0d,2023-08-30,1784443,0.2922073579599354
1,usr-2e90f097,strm-85315c12,2024-01-07,1710911,0.14377947732930735
1,usr-e42c8b9d,strm-ac83e03b,2023-08-23,1521235,0.9373687167421016
1,usr-30f3e70f,strm-cf48ac48,2024-01-16,2731290,0.4530128313530735
1,usr-9200cd48,strm-1a6ab985,2023-12-15,827550,0.8835792819119025
1,usr-8e135113,strm-b9aeb457,2024-01-11,3486072,0.49591745672991716
1,usr-bccff7e3,strm-017269ec,2023-10-21,3286286,0.3097061777454398
1,usr-5fc7c74c,strm-8a045fb0,2023-09-01,106968,0.3182069222846589
1,usr-1924b5ec,strm-691a6e82,2023-11-18,1351971,0.5402993840475854
1,usr-5b0e70e3,strm-8bffbace,2023-09-11,1126916,0.2175154842617819
1,usr-514ccdaf,strm-d024b12d,2023-08-16,1339678,0.4727846068477699
1,usr-0dbca433,strm-b3b4a705,2023-10-02,1885006,0.9685319411382572
1,usr-d8642140,strm-bd6280c9,2023-09-01,1726785,0.9990834591470944
1,usr-ccde6a87,strm-d8c48340,2023-12-13,2159799,0.8884618204555992
1,usr-08c2d8e3,strm-047cd7aa,2023-10-17,2287316,0.22078560831077715
1,usr-fb3e9623,strm-63d4afad,2023-11-09,1265118,0.5620966717925797
1,usr-863f94f9,strm-284201f1,2023-10-04,444797,0.3177822182958083
1,usr-c70f52dc,strm-2226461b,2023-09-13,1898941,0.2927844925289291
1,usr-f4e88a7c,strm-d7f691a1,2023-12-07,3196950,0.694840871454506
1,usr-02738a4f,strm-a956607f,2024-01-27,3125066,0.9385449033240978
1,usr-1babf2b8,strm-567d9295,2024-01-09,2625274,0.13527187683336295
1,usr-7d1ac601,strm-b0fe52d7,2023-09-29,281881,0.9873034987307634
1,usr-1930f74a,strm-d3636305,2023-12-09,2356064,0.17861193595235603
1,usr-9d8446ae,strm-6a472bca,2024-01-11,2724793,0.4952273739722453
1,usr-dac5c395,strm-3c944e3d,2023-09-25,1147946,0.6727755971335766
1,usr-d00aae76,strm-9c6f51df,2023-08-14,747191,0.061960179263048705
1,usr-71cfa548,strm-567d9295,2023-12-09,273320,0.4911390953849676
1,usr-8bff52ed,strm-dda3c34b,2023-10-03,190342,0.4571817211815818
1,usr-5a33ea8c,strm-5e77373a,2023-10-28,520673,0.17970147869924713
1,usr-92063100,strm-bd6280c9,2024-01-30,170576,0.5207516364730511
1,usr-59038418,strm-567d9295,2023-08-22,2326240,0.5232253814078713
1,usr-d5f7f43d,strm-8b3938c8,2023-11-17,1056277,0.41273538401988125
1,usr-14b7ede9,strm-b9aeb457,2023-09-11,3245396,0.8940027563222275
1,usr-ad0facb5,strm-c8caf8ff,2023-11-29,1091096,0.4900248086409516
1,usr-52ed6704,strm-a5fafd5b,2023-12-14,2108990,0.92001179996444
1,usr-b63421a7,strm-5c671bd4,2023-09-10,844349,0.4075776260162205
1,usr-7f4c4c75,strm-34e43319,2023-08-10,1396631,0.7510983480451544
1,usr-fab88057,strm-3392a92a,2023-10-27,3238639,0.7596986131814919
1,usr-fab88057,strm-f0d4bcae,2023-08-16,3476187,0.7888464993778066
1,usr-edd1e48e,strm-60f0f43e,2024-01-22,975559,0.8856533113893389
1,usr-0583e3af,strm-864f6b32,2023-08-28,3358625,0.6791590158530454
1,usr-0d767918,strm-2221f87f,2023-08-23,90949,0.48894490334977303
1,usr-e45b21c7,strm-f7e6abd9,2024-01-05,1752177,0.3766210984998582
1,usr-b63421a7,strm-bc40e633,2023-10-22,3394639,0.08144637827221488
1,usr-6e413631,strm-bf1b36e0,2023-11-29,1890130,0.8768074308797351
1,usr-44d7c355,strm-8cb05d44,2023-09-27,2274795,0.6455807328600884
1,usr-8d8c58bc,strm-52e3674d,2023-10-04,3251299,0.6754806571486528
1,usr-ca983da7,strm-c21601dd,2023-09-05,3003170,0.9240923345461354
1,usr-909115fd,strm-74908a6d,2023-12-30,2195301,0.814307546328041
1,usr-ad0facb5,strm-32de3074,2023-10-31,485118,0.839089141279118
1,usr-aff16f5a,strm-3e835b9b,2023-12-14,2798242,0.2197583118572689
1,usr-bee48d6b,strm-1dbf3f3a,2023-10-14,2903351,0.1431327484457564
1,usr-4fcc955c,strm-9cdc589c,2023-11-13,3175860,0.3802289257135548
1,usr-88b5a365,strm-afac5860,2024-01-06,2655471,0.7599982212610311
1,usr-e801fcd0,strm-051076ac,2023-08-28,2893325,0.6235006945200786
1,usr-0924ca48,strm-76bb8c1f,2023-09-17,552400,0.9461987926553392
1,usr-1924b5ec,strm-387ca54a,2023-08-25,2845657,0.9477524408173272
1,usr-f89eca00,strm-d04238d8,2023-10-02,2064249,0.8737059418429678
1,usr-d00aae76,strm-238906f2,2023-12-06,3252786,0.16827895312971347
1,usr-ddaf1c0b,strm-bd6280c9,2024-01-08,986859,0.979351267159294
1,usr-8c37fb97,strm-2f37334a,2024-01-17,1585940,0.4759600659318127
1,usr-0e636010,strm-55cabf4f,2023-10-08,2813238,0.4637243449567652
1,usr-1930f74a,strm-52e3674d,2023-11-25,1544804,0.08155714252348188
1,usr-9c6355be,strm-029e4982,2024-01-18,2820649,0.6223092247073982
1,usr-e38fa428,strm-0b1d792d,2023-12-17,1194085,0.9589564434684371
1,usr-0d767918,strm-3ce4c0f8,2023-11-25,1399646,0.7959215870579295
1,usr-9c6355be,strm-cf754d74,2023-10-02,243859,0.05348575992669667
1,usr-863f94f9,strm-3c944e3d,2023-11-14,402435,0.3654619248352176
1,usr-071a7f70,strm-7067824d,2023-11-22,301241,0.36820407688626794
1,usr-75dac993,strm-1faf60c3,2023-08-14,2152736,0.655313924814246
1,usr-2a743762,strm-bc40e633,2023-10-30,3290312,0.5429084369223406
1,usr-905c0529,strm-c344340d,2023-12-02,3201720,0.6961562012941008
1,usr-17a13355,strm-0c50aec6,2023-12-24,2652229,0.7648983024404818
1,usr-fe88e05a,strm-a0731f8b,2023-09-14,3549639,0.9049120391226745
1,usr-d8013104,strm-5d28afaf,2023-11-15,2639209,0.5875460577517005
1,usr-17a13355,strm-43c18dae,2023-09-23,3406938,0.7070798921623486
1,usr-e4a3b9a0,strm-5678a272,2023-12-06,1959175,0.08845968882132507
1,usr-8c37fb97,strm-eb62d0c1,2024-01-09,2930365,0.8352335106328982
1,usr-6e82ff08,strm-e0042929,2023-11-25,2619604,0.4764512830145845
1,usr-9ccd6726,strm-fad5731f,2023-12-04,3351339,0.9519619980820538
1,usr-5dbbd189,strm-8bffbace,2023-11-14,3431952,0.38570474300354873
1,usr-1a929e70,strm-017269ec,2023-09-16,2606733,0.37198162138978563
1,usr-61e5cada,strm-52e3674d,2023-10-14,476262,0.550193655236459
1,usr-f548a45f,strm-39e71b6e,2023-09-17,195277,0.6706752357418574
1,usr-1ba9dbd6,strm-691a6e82,2023-11-30,3451000,0.2921657855983145
1,usr-3558bbdd,strm-eb0e64ca,2023-11-22,1291411,0.09390372490608637
1,usr-c0107131,strm-d8c48340,2023-12-24,639420,0.5948606194499378
1,usr-bf2a3290,strm-aac0a258,2023-09-06,396904,0.4908532874939775
1,usr-517d8cb7,strm-00096f98,2024-01-15,1333212,0.9550803478818705
1,usr-9d8446ae,strm-cc17fd58,2023-12-18,2923358,0.7505645478536432
1,usr-59038418,strm-3392a92a,2023-09-28,1165713,0.21903776639877676
1,usr-b0338418,strm-d0f87ae1,2023-11-04,1296699,0.7375948049573773
1,usr-52ed6704,strm-168e74e0,2024-01-20,975370,0.29559744672186977
1,usr-f434518c,strm-95388783,2023-08-15,888639,0.920571894217876
1,usr-82c3f4b8,strm-b7dd9a80,2023-11-28,1614336,0.1623365216540372
1,usr-9200cd48,strm-387ca54a,2023-10-17,1199099,0.9883082193048545
1,usr-517d8cb7,strm-04e40c0d,2024-01-21,344977,0.5792215109922394
1,usr-88503b23,strm-6b59edf7,2024-01-10,735903,0.21506211674581238
1,usr-cda4df6b,strm-274eecc3,2023-12-24,3421918,0.7003677309704093
1,usr-5c996a68,strm-7067824d,2024-01-15,3300642,0.8694807213184269
1,usr-d8642140,strm-967bda42,2024-01-29,2954688,0.8547237891263721
1,usr-ca983da7,strm-917f2be2,2023-11-30,2629748,0.36457759484369684
1,usr-ad0facb5,strm-f9e41ad4,2023-11-11,2805146,0.8734460045350659
1,usr-f4e88a7c,strm-9497fa61,2023-12-07,3354624,0.46277445636410763
1,usr-51283925,strm-3719a50e,2023-12-27,2431430,0.778474741069084
1,usr-25d26aa6,strm-ed63eac9,2024-01-07,2172899,0.7081924388093365
1,usr-74345855,strm-ec548f81,2023-10-18,1414079,0.6137038422671848
1,usr-38bf583d,strm-8dbbef4c,2023-11-01,1243900,0.11663979215608856
1,usr-88503b23,strm-3fd2c86b,2023-10-14,3010319,0.33024725813041395
1,usr-ba1ffa8a,strm-f040dd6a,2023-12-10,2083677,0.16103325663896706
1,usr-a3b72ece,strm-883348bd,2023-09-13,1019273,0.19248480097203607
1,usr-b63421a7,strm-30dd2074,2023-09-10,2342816,0.36357223382676634
1,usr-d7f9a8df,strm-387ca54a,2023-09-16,268558,0.19529381520256578
1,usr-3190cad9,strm-22a35f50,2023-12-29,1709802,0.8217105476452561
1,usr-0d767918,strm-f78b2c9e,2023-12-22,2930405,0.8948249998651003
1,usr-09786814,strm-43ef6943,2023-12-27,867442,0.5704914636269338
1,usr-cb3066b7,strm-9919dc7b,2023-12-28,3593392,0.5138479296979684
1,usr-856200aa,strm-c9bb6a1a,2024-01-31,913042,0.22474850744590125
1,usr-82895527,strm-3c5f0978,2023-08-15,2641985,0.4913527939402284
1,usr-5e401bb5,strm-4133bd19,2024-01-12,3471622,0.6380331807437735
1,usr-3d951e61,strm-eb56c52f,2023-10-05,97224,0.34061801090436955
1,usr-02738a4f,strm-3fd2c86b,2023-11-08,1911104,0.3733158558053296
1,usr-67f49b0d,strm-8704455a,2023-09-22,918067,0.44392505131814297
1,usr-704ef4e0,strm-853f473b,2023-12-24,626560,0.611956127830943
1,usr-de7855dc,strm-dc96f842,2023-12-05,3041224,0.6623195359536477
1,usr-3032360b,strm-f9e41ad4,2024-01-30,1110747,0.3130308563504571
1,usr-0a3bb694,strm-cf36d09a,2023-12-19,2756847,0.9449606418136323
1,usr-fece1b7c,strm-95388783,2023-08-19,1436618,0.06692722970545235
1,usr-32956dda,strm-853f473b,2024-01-13,3393507,0.2891976147688296
1,usr-f92f9c4d,strm-b3b4a705,2023-08-13,2390839,0.6272311958917456
1,usr-9200cd48,strm-ac83e03b,2023-09-30,1716540,0.6464197797423272
1,usr-fece1b7c,strm-8a5a7b5d,2023-10-29,2251446,0.2684860064578565
1,usr-567871a3,strm-0a1d17a0,2023-09-07,2118395,0.06144120838393522
1,usr-ea9dc933,strm-55cabf4f,2023-11-27,719177,0.4120123100599916
1,usr-8e135113,strm-9a46ce22,2023-10-02,3161689,0.537892903745596
1,usr-6756b9ae,strm-7067824d,2023-09-24,371061,0.3121031514706994
1,usr-0d9dd263,strm-9b4714c9,2023-10-03,975449,0.649700537011457
1,usr-cf7d3a7b,strm-7067824d,2023-08-13,1693945,0.8950840897271966
1,usr-d3ed7d08,strm-a1ea70e1,2023-08-15,2630356,0.8221993951045242
1,usr-909115fd,strm-b930d03c,2023-11-23,3406634,0.8440385762077617
1,usr-4a2b8292,strm-c9bb6a1a,2023-10-27,1774177,0.5212903801072055
1,usr-329e341c,strm-5bb4196f,2023-12-11,1890213,0.1421938183870851
1,usr-dc3053e9,strm-4bc7f295,2023-10-25,407423,0.5500991397958515
1,usr-2ed6a909,strm-34799828,2023-11-24,921778,0.9990217229773297
1,usr-51283925,strm-853f473b,2023-09-23,2500241,0.3958324659297995
1,usr-715c28c3,strm-aac0a258,2023-09-12,2184349,0.24790071978763495
1,usr-755b9a01,strm-9467782e,2023-12-21,588589,0.9525345005525523
1,usr-c165d5bd,strm-fcea3437,2023-10-19,701218,0.07478213207315157
1,usr-76b3deed,strm-691a6e82,2023-11-01,3205011,0.5751648591200946
1,usr-7f4c4c75,strm-0f2b3668,2023-12-16,1594131,0.05774358853283218
1,usr-2ea2e4ca,strm-edcd2ec3,2023-12-11,370576,0.6487630061641002
1,usr-ccde6a87,strm-3c5f0978,2024-01-16,2975263,0.9395465149071894
1,usr-8a8b69e7,strm-bb355c98,2024-01-03,58954,0.7193090349407549
1,usr-feb865b3,strm-a9897861,2023-10-13,1270846,0.06943036012924067
1,usr-82c3f4b8,strm-2cd13f2e,2023-10-29,1287954,0.21048251913571814
1,usr-3510ce29,strm-0a1d17a0,2023-08-26,323771,0.0722722269417862
1,usr-24bbb2d6,strm-141d3b89,2023-08-30,3286796,0.6002877243695457
1,usr-ca91e8ad,strm-eb0e64ca,2024-01-12,968594,0.26383514199001173
1,usr-4c86d48c,strm-f040dd6a,2023-08-13,1505003,0.4873301119680005
1,usr-32956dda,strm-bc9f2833,2023-12-25,839624,0.23534709794729075
1,usr-fa698e22,strm-cf48ac48,2023-09-10,1165623,0.6033217436687818
1,usr-88503b23,strm-30dd2074,2023-10-15,1024945,0.9530503607277815
1,usr-fab88057,strm-e400f808,2024-01-26,2558259,0.24841946746149196
1,usr-b63421a7,strm-ab889cba,2024-01-13,544992,0.9143546563226623
1,usr-a7f362fd,strm-33055a63,2023-12-01,2010359,0.5465839242399047
1,usr-ddaf1c0b,strm-6e9ddf10,2023-09-22,3248110,0.4262523632918046
1,usr-0d46edd3,strm-b9cc06d3,2023-08-30,1136017,0.5166304649489344
1,usr-e586ad9a,strm-eb56c52f,2023-09-05,249941,0.9664501946720749
1,usr-6e413631,strm-2251ce90,2023-09-01,3192220,0.3155418392360708
1,usr-a7f362fd,strm-c5ec244d,2024-01-22,442065,0.29187490640267355
1,usr-d2771e28,strm-a956607f,2023-11-06,1245986,0.1341103847849583
1,usr-75f1a5ed,strm-7793374d,2023-08-24,2617056,0.4918090874363616
1,usr-dad43a58,strm-1dbf3f3a,2023-10-11,3597554,0.9719193079735458
1,usr-08dbe213,strm-734662fa,2023-09-16,3203124,0.7367750624305293
1,usr-d816b680,strm-00d88b68,2023-10-24,2382638,0.18067584282415622
1,usr-3558bbdd,strm-54d118d2,2023-11-06,3005701,0.5447248592187784
1,usr-43d993dc,strm-34e43319,2024-01-28,2327343,0.49700624331293264
1,usr-4c23df88,strm-653fc9c6,2023-11-18,61175,0.455817090363029
1,usr-2909ac09,strm-c321dd43,2024-01-22,267872,0.40051753051455313
1,usr-a6d2a550,strm-72993abf,2023-11-17,2435124,0.667993837774005
1,usr-bee48d6b,strm-9919dc7b,2024-01-20,3004062,0.25151557170117855
1,usr-3190cad9,strm-dd017ac7,2024-01-09,3403065,0.39735626969426585
1,usr-607f1a08,strm-6aed0f6f,2023-10-02,3212937,0.31080164263287774
1,usr-cb3066b7,strm-f040dd6a,2023-08-19,1456597,0.45325572042361373
1,usr-3de4f1ea,strm-b88e5203,2023-11-27,3045320,0.7230064608243632
1,usr-2e012f50,strm-3719a50e,2024-01-20,2287643,0.12818008827220062
1,usr-9dbd8bc7,strm-06f1f783,2024-01-02,1091517,0.7785810597801145
1,usr-d00aae76,strm-98a6441c,2024-01-22,1403225,0.8466326034593984
1,usr-ea9dc933,strm-72993abf,2023-10-19,2289272,0.9445799258128825
1,usr-cd1d9a17,strm-d5f785eb,2024-01-03,2546470,0.8860077419752536
1,usr-2e90f097,strm-becbcc63,2023-12-09,3447092,0.724885935199429
1,usr-b481aa61,strm-a5fafd5b,2024-01-14,801133,0.32068710334876077
1,usr-49d21b5a,strm-7067824d,2023-10-31,973570,0.6085302275234177
1,usr-4c86d48c,strm-5fdd5637,2024-01-24,272862,0.12897456752170341
1,usr-bea1b101,strm-60d1681b,2023-12-24,2422542,0.3653479533189616
1,usr-d8013104,strm-22dd94e0,2024-01-25,1051046,0.18611267453324332
1,usr-8fc70a13,strm-7226e514,2023-10-19,3422035,0.6903581378949648
1,usr-9451dee1,strm-7cd4fea0,2023-10-28,2018463,0.662904914933149
1,usr-ddaf1c0b,strm-bb355c98,2023-10-09,2180099,0.5470625619935522
1,usr-df56e82a,strm-74908a6d,2023-10-15,1492763,0.568336067637232
1,usr-e4a3b9a0,strm-9e7d189a,2023-08-16,1129845,0.23678991139565364
1,usr-d8642140,strm-a19c0677,2023-08-19,3474868,0.6546730704685703
1,usr-4d664edc,strm-168e74e0,2023-09-06,680523,0.8690577447719614
1,usr-c968c375,strm-29ff15d3,2023-08-23,184301,0.8127467879699339
1,usr-ccde6a87,strm-2cd13f2e,2023-10-22,403476,0.3966850484322533
1,usr-5a33ea8c,strm-2ef88458,2023-12-09,2755010,0.14790358046784324
1,usr-46905193,strm-3fd2c86b,2023-09-15,2846482,0.9859081304439653
1,usr-950a4b93,strm-d324695a,2023-12-27,2081493,0.4800991191982574
1,usr-dac5c395,strm-5bf158f3,2024-01-23,3482756,0.7197827186397004
1,usr-d8013104,strm-601b5386,2023-11-19,377689,0.6367862265283649
1,usr-328051d5,strm-60ce48b1,2023-12-07,2756458,0.6215198951710144
1,usr-3032360b,strm-387ca54a,2023-10-23,75298,0.19525496350714672
1,usr-41ba2370,strm-f926f8cf,2023-09-21,1666410,0.49040511724091224
1,usr-98610fc6,strm-cb79fa87,2024-01-10,184597,0.7774961493863889
1,usr-8e135113,strm-4e549421,2023-11-06,3240639,0.29035938236683856
1,usr-07f9ef77,strm-f43563c8,2023-10-22,1204443,0.16956716125888047
1,usr-5f872e95,strm-85315c12,2023-09-01,2938015,0.46947923408089903
1,usr-d2771e28,strm-43c18dae,2023-08-20,2558063,0.6904716218067148
1,usr-2ed6a909,strm-6ec2886c,2023-12-23,1577739,0.645202477352539
1,usr-9200cd48,strm-dc96f842,2023-09-30,479512,0.6025149243789729
1,usr-c3134135,strm-a5fafd5b,2023-10-04,267528,0.8623291549131129
1,usr-071a7f70,strm-b9aeb457,2023-09-26,674971,0.97308552761286
1,usr-cac32514,strm-8fea7471,2023-10-01,3322242,0.8767466983338117
1,usr-cf7d3a7b,strm-86be8e79,2024-01-21,1752797,0.08092711531661062
1,usr-e7805ec9,strm-7b13d230,2023-09-12,262592,0.9517719577912187
1,usr-ba1ffa8a,strm-9cdc589c,2023-09-25,1449779,0.43739328411102035
1,usr-b2e46dab,strm-0b1d792d,2023-12-16,1651900,0.4411105970913416
1,usr-a1046e7c,strm-653fc9c6,2023-10-18,2342038,0.7444689256470077
1,usr-1c103460,strm-e1f51435,2024-01-14,3340437,0.8950228162703115
1,usr-36a4f828,strm-e5c916d1,2023-11-09,108619,0.2779934932719508
1,usr-67a12ef9,strm-d0ed5c78,2023-10-01,1109502,0.22605968228368478
1,usr-4c8d32fd,strm-1dbf3f3a,2023-10-11,338407,0.17801228266479496
1,usr-1c103460,strm-9c0382e6,2023-12-09,1175557,0.31959311222174075
1,usr-2909ac09,strm-52725ceb,2023-12-13,2087088,0.2548326020127755
1,usr-802cad2b,strm-b930d03c,2023-09-09,363040,0.1688017168189021
1,usr-514ccdaf,strm-34e3828c,2023-12-17,2927277,0.6824782776938046
1,usr-cb3066b7,strm-91b92ea6,2024-01-25,270231,0.6575202819415138
1,usr-32af39e8,strm-f040dd6a,2024-01-14,2715367,0.41304669379859915
1,usr-5e401bb5,strm-c21601dd,2023-09-27,2112568,0.26245274390031814
1,usr-fab88057,strm-2ef88458,2024-01-04,3225131,0.9171926584645573
1,usr-bee48d6b,strm-5d705a2c,2023-12-19,1465766,0.8548732310234906
1,usr-a5ac7769,strm-0af96249,2023-09-17,2756633,0.09302643628345245
1,usr-6aee717e,strm-f18fbb1a,2023-11-16,2789414,0.8872008978052125
1,usr-d7f9a8df,strm-8b3938c8,2023-12-22,3442450,0.6288750849593454
1,usr-0a3bb694,strm-8e5850c2,2023-11-09,971919,0.4761507189357412
1,usr-8fc70a13,strm-30dd2074,2023-09-16,1461117,0.8202364151441169
1,usr-755b9a01,strm-967bda42,2023-12-09,2342978,0.9104257763945862
1,usr-e3d6b4bf,strm-274eecc3,2023-11-08,559086,0.9824577699846553
1,usr-fcd2e6f8,strm-ee9b19fa,2023-12-01,646610,0.5059577441050721
1,usr-5b0e70e3,strm-34799828,2024-01-15,1741315,0.32604165134694474
1,usr-bee48d6b,strm-edcd2ec3,2023-11-18,2160040,0.3856979741969092
1,usr-2a743762,strm-c1fe0bae,2023-08-21,433389,0.409035371245942
1,usr-fe88e05a,strm-8bffbace,2023-09-26,1570874,0.9890056810616246
1,usr-3d951e61,strm-3719a50e,2023-08-25,2903599,0.28075957038548977
1,usr-ff41e9fc,strm-8b3938c8,2024-01-13,670976,0.6208934727995061
1,usr-d2260722,strm-58d7fe81,2023-09-27,313576,0.5944730383631254
1,usr-088dfa4d,strm-15f13f10,2023-08-18,3250970,0.08684805464287561
1,usr-76b3deed,strm-ee9b19fa,2023-11-11,1017350,0.4877606773704414
1,usr-f4e88a7c,strm-fd531772,2023-09-27,320305,0.22931917822660908
1,usr-f66ba022,strm-6b59edf7,2024-01-01,684122,0.4131731391749177
1,usr-5aade24b,strm-97d1a033,2023-09-02,2200174,0.3729765835088325
1,usr-f01d6a7e,strm-38efb685,2024-01-19,2187399,0.20613415631359472
1,usr-2e90f097,strm-a1ea70e1,2023-12-23,3313892,0.32873827449638454
1,usr-4c86d48c,strm-0c50aec6,2023-10-20,800385,0.34459407397992325
1,usr-e5031a4d,strm-0da676c9,2024-01-09,2107292,0.07760510021009462
1,usr-7d1ac601,strm-04e40c0d,2024-01-01,793549,0.8302949019732415
1,usr-59038418,strm-6aed0f6f,2024-01-24,3557656,0.781848640975124
1,usr-735f86d2,strm-0c50aec6,2024-01-14,2249292,0.4627763324342659
1,usr-d5f7f43d,strm-95388783,2023-12-05,283134,0.7000844183763796
1,usr-4c8d32fd,strm-f3621f48,2023-09-22,2559210,0.29668977131656094
1,usr-6e413631,strm-e8da3a55,2023-09-03,601426,0.3435131718345729
1,usr-4d830a76,strm-ac83e03b,2023-11-30,278787,0.19575820661397336
1,usr-2ea2e4ca,strm-3b5c2707,2023-12-06,2354012,0.48271760937852565
1,usr-5fc7c74c,strm-2213d44b,2023-08-24,848674,0.12322378130919469
1,usr-49d21b5a,strm-6998a2bc,2024-01-28,2714977,0.7349928186485244
1,usr-98610fc6,strm-f0d4bcae,2023-12-18,1954483,0.3909453696022994
1,usr-a130a4a5,strm-4d8a083a,2023-08-28,1421998,0.22963250944187508
1,usr-6e5aaf7b,strm-939f69bd,2023-11-03,1983578,0.3119482762371665
1,usr-5d57d842,strm-f9e41ad4,2023-12-30,1061513,0.8430263547031199
1,usr-67f49b0d,strm-b802d12f,2023-08-10,2179293,0.5155476730340113
1,usr-e4a3b9a0,strm-917f2be2,2023-09-16,1989317,0.839376203180759
1,usr-180b1a51,strm-017269ec,2023-10-27,1027397,0.09113449325206542
1,usr-9451dee1,strm-34e3828c,2023-10-16,3219151,0.34169546290736114
1,usr-039e038a,strm-60d1681b,2023-12-11,48293,0.9672462964308132
1,usr-69eba04a,strm-dbdf82f4,2023-11-26,1712493,0.38022580684219626
1,usr-f04c75d7,strm-a1ea70e1,2024-01-25,1946438,0.09672858172070056
1,usr-30f3e70f,strm-252e80c1,2023-08-19,3330385,0.09836634686819239
1,usr-19d5149b,strm-023de01a,2023-10-17,1010112,0.9321661465141231
1,usr-cd2f2ec2,strm-46a035d7,2023-10-02,1427756,0.5114305265705953
1,usr-fb2463d4,strm-b53c939b,2024-01-25,716978,0.15220747142728716
1,usr-8c37fb97,strm-238906f2,2023-09-01,509048,0.9588136525189886
1,usr-b555effe,strm-3b5c2707,2023-10-03,54191,0.08370266503278118
1,usr-3190cad9,strm-9386c0ae,2023-08-17,655247,0.05267522353108221
1,usr-14b7ede9,strm-6e9ddf10,2023-10-20,2671706,0.6914252326125275
1,usr-e2b7c331,strm-f0d62c81,2024-01-20,2078307,0.38736507977707163
1,usr-cb3066b7,strm-5bb4196f,2023-10-02,274585,0.4672384788607624
1,usr-fe88e05a,strm-f0d4bcae,2023-10-18,442859,0.5421119729324887
1,usr-905c0529,strm-fcea3437,2023-09-10,3399291,0.7172696674243934
1,usr-c70f52dc,strm-3e835b9b,2023-10-17,223732,0.5048586307168288
1,usr-fea421ca,strm-7c71fea5,2023-12-29,1689215,0.6965924921563537
1,usr-41ba2370,strm-21c9aec6,2023-10-23,3361410,0.7032297010056487
1,usr-d62de943,strm-29ff15d3,2023-11-13,518142,0.7800945071183032
1,usr-95ed7f31,strm-34e43319,2024-01-12,585363,0.8972964733428189
1,usr-715c28c3,strm-c8caf8ff,2023-08-16,562082,0.17212075884911604
1,usr-b0338418,strm-a5fafd5b,2024-01-30,2300760,0.9280887134174515
1,usr-2909ac09,strm-7d728950,2023-12-06,728760,0.34715991617419545
1,usr-69eba04a,strm-b9cc06d3,2023-09-02,2276869,0.2610053926468239
1,usr-76e382f8,strm-fd531772,2023-12-10,2418128,0.6405368215786591
1,usr-ac536fdd,strm-9497fa61,2023-09-19,2780620,0.47769130590793846
1,usr-d8642140,strm-cd27a051,2023-08-14,2238121,0.33213054246586476
1,usr-0d46edd3,strm-08b9d7b5,2023-10-13,1371338,0.8224698648832536
1,usr-67a12ef9,strm-6aed0f6f,2023-08-27,3176514,0.06237776101556036
1,usr-9017d93e,strm-d0ed5c78,2023-12-28,2534682,0.059971653638674384
1,usr-e7805ec9,strm-12ee6107,2023-12-28,3543480,0.3736921709718012
1,usr-3510ce29,strm-98a6441c,2023-11-17,1970259,0.8058733475024881
1,usr-49d21b5a,strm-150d1cde,2023-09-15,2776549,0.515329729653849
1,usr-0583e3af,strm-864f6b32,2023-10-11,523210,0.9611040508131021
1,usr-a1046e7c,strm-91b92ea6,2023-12-19,239293,0.35885045701249596
1,usr-88a50a6e,strm-0da676c9,2023-11-22,3542714,0.7545247444329792
1,usr-c0107131,strm-5678a272,2023-11-23,2326195,0.43253329428433984
1,usr-59038418,strm-274eecc3,2023-08-25,3312926,0.13341691337935374
1,usr-22aaa082,strm-e6d808c2,2023-11-09,2680756,0.7400937126924289
1,usr-ed3d1cb7,strm-3c944e3d,2023-10-14,639696,0.7603385048297969
1,usr-7f4c4c75,strm-f18fbb1a,2023-12-31,1114908,0.4170245045840759
1,usr-ed3d1cb7,strm-d3636305,2023-11-20,1599691,0.8012291178266369
1,usr-f4e88a7c,strm-b7dd9a80,2023-10-22,1573780,0.9414717257532995
1,usr-88a50a6e,strm-00d88b68,2023-12-13,3278374,0.9607954766025161
1,usr-802cad2b,strm-b53c939b,2023-10-14,2150048,0.3384374916680359
1,usr-ada8b8bd,strm-0af96249,2023-09-19,988025,0.2866332292269914
1,usr-071a7f70,strm-7fda6ac1,2024-01-20,1275201,0.5183225951426119
1,usr-c7722b72,strm-fd531772,2024-01-31,662286,0.9954535384551388
1,usr-dc3053e9,strm-bf1b36e0,2024-01-13,906370,0.40740311828773773
1,usr-1babf2b8,strm-3c5f0978,2023-11-27,2263869,0.5478310343813378
1,usr-d4cc9d61,strm-62e7c73f,2023-08-15,1003347,0.20644204863993598
1,usr-43d993dc,strm-38efb685,2024-01-01,1132139,0.6872961954285317
1,usr-ad0facb5,strm-9f13281e,2023-11-27,1716837,0.5113830945454443
1,usr-e36b5a97,strm-72993abf,2023-11-07,1795645,0.8971592305130975
1,usr-88503b23,strm-7d728950,2023-09-11,1110277,0.8251263915371203
1,usr-a6b25129,strm-3f189710,2023-10-27,3526490,0.5367995192472439
1,usr-1ba9dbd6,strm-fd531772,2023-11-26,106055,0.5416678517582595
1,usr-07f9ef77,strm-32de3074,2023-09-24,2671285,0.8145676612473342
1,usr-3510ce29,strm-60d1681b,2023-10-30,2671736,0.13508468363414097
1,usr-08dbe213,strm-7c71fea5,2023-08-21,2534834,0.0654508216575989
1,usr-e586ad9a,strm-5e77373a,2023-09-01,3000661,0.9669716019629566
1,usr-88a50a6e,strm-734662fa,2023-12-30,1272746,0.8072420121204504
1,usr-5c996a68,strm-dd017ac7,2023-12-01,3492423,0.7431397051241468
1,usr-88a50a6e,strm-ee70dbae,2023-09-29,2178468,0.2235516147931077
1,usr-03e9a3ba,strm-cc17fd58,2023-09-25,988007,0.05910360308798874
1,usr-587813d2,strm-62e7c73f,2023-11-03,1318113,0.4110446732810594
1,usr-cb3066b7,strm-51a56e9d,2023-12-24,3028613,0.8196164215248984
1,usr-863f94f9,strm-e8da3a55,2023-12-02,3399635,0.4576494751444643
1,usr-2e90f097,strm-38efb685,2023-10-22,151407,0.44511683369194904
1,usr-07f9ef77,strm-1ea4e429,2023-11-29,2417935,0.8486848146450925
1,usr-b481aa61,strm-ee26500e,2023-12-17,678560,0.8041234053885579
1,usr-0a10aa5f,strm-4133bd19,2023-08-19,238023,0.14017871199848497
1,usr-0e636010,strm-274eecc3,2023-09-13,396341,0.529829376002006
1,usr-69eba04a,strm-3c944e3d,2023-08-30,1916109,0.563304028893711
1,usr-eb4d1c0e,strm-168e74e0,2023-08-31,3368880,0.4472482306441054
1,usr-039e038a,strm-eb0e64ca,2024-01-14,1212462,0.4612656678950204
1,usr-0d9dd263,strm-8b250404,2024-01-01,2353888,0.9823060068552084
1,usr-5bc3f759,strm-bc9f2833,2023-12-08,53378,0.13737166165853423
1,usr-10c868d4,strm-2f37334a,2023-12-04,861038,0.8656341982511988
1,usr-d885a3bc,strm-dda3c34b,2023-12-20,2520248,0.6780345623642037
1,usr-155e0ea4,strm-29b705b6,2023-09-02,2368330,0.11832412051748478
1,usr-d8642140,strm-023de01a,2023-10-13,2448211,0.4909021006935483
1,usr-31eb8775,strm-f0d4bcae,2023-10-09,3346205,0.7436606546955002
1,usr-b555effe,strm-dc96f842,2023-09-28,1574129,0.9197437848499426
1,usr-fb2463d4,strm-ac83e03b,2023-12-05,3037929,0.06455825862297158
1,usr-fea421ca,strm-2251ce90,2023-11-26,1128466,0.8615740326747614
1,usr-8bff52ed,strm-6b59edf7,2023-08-29,3004751,0.5840459233930914
1,usr-821b5391,strm-fc056caf,2023-12-06,145160,0.4898177974799746
1,usr-e5031a4d,strm-3b5c2707,2023-12-30,1501998,0.5126587898835664
1,usr-63139c4c,strm-b802d12f,2023-08-24,251827,0.2145183440174464
1,usr-c7722b72,strm-3c944e3d,2024-01-31,3060048,0.3047920655356318
1,usr-55f77199,strm-a9897861,2023-11-16,2061091,0.45877696914349353
1,usr-0dbca433,strm-b88e5203,2023-08-29,83372,0.7507924735902992
1,usr-a5ac7769,strm-c3fab07a,2023-11-19,880338,0.4571207082680836
1,usr-612d455a,strm-bd6280c9,2023-08-12,3459807,0.2986947995401814
1,usr-52ed6704,strm-626e9808,2023-12-04,232121,0.6408451813609541
1,usr-e7805ec9,strm-72f34b1d,2023-08-16,715477,0.671513886865287
1,usr-c165d5bd,strm-8b3938c8,2023-08-11,3360454,0.36234827236538414
1,usr-03e84880,strm-f18fbb1a,2023-09-17,678550,0.7393241045304401
1,usr-43d993dc,strm-85315c12,2023-10-25,1066529,0.5198128970594685
1,usr-eb4d1c0e,strm-42bfed8f,2024-01-08,1001730,0.689020446811394
1,usr-d8471a9e,strm-6fb122b0,2023-10-03,1639292,0.8061025720992533
1,usr-df040af4,strm-95388783,2023-10-30,1969336,0.7735217736773878
1,usr-755b9a01,strm-4046a846,2023-12-06,1875752,0.6121331023181465
1,usr-fb2463d4,strm-e400f808,2023-12-03,3397201,0.90750625480108
1,usr-ccde6a87,strm-22dd94e0,2024-01-04,1517685,0.8660689572650176
1,usr-43d993dc,strm-5b39c04d,2023-10-20,2926765,0.7920097562381606
1,usr-1924b5ec,strm-284201f1,2023-11-02,2781360,0.18212346646616145
1,usr-02738a4f,strm-9e82fd7f,2024-01-23,2023393,0.7871761435228737
1,usr-ed3d1cb7,strm-7fda6ac1,2023-10-15,3178169,0.5177076038572269
1,usr-587813d2,strm-4f5cfd2d,2023-08-13,2956533,0.4508953723875343
1,usr-a86828e6,strm-939f69bd,2023-09-05,911692,0.6072761373885855
1,usr-8bff52ed,strm-967bda42,2023-08-14,1157825,0.7548982629703906
1,usr-a1046e7c,strm-1faf60c3,2023-10-07,751002,0.6792163755885297
1,usr-517d8cb7,strm-3fd2c86b,2024-01-29,1279226,0.9775044532219784
1,usr-bccff7e3,strm-d3636305,2023-09-24,2883584,0.6423494172899081
1,usr-3032360b,strm-1a6ab985,2023-12-23,1101565,0.3580844647081771
1,usr-9dbd8bc7,strm-7fda6ac1,2023-12-12,3324816,0.10424545380207845
1,usr-be6fc7ae,strm-9a46ce22,2023-10-06,1600073,0.4604796452179027
1,usr-fe88e05a,strm-9386c0ae,2023-10-30,1770313,0.38128628117747787
1,usr-85fcbd72,strm-fc056caf,2023-10-21,473326,0.3352084519534815
1,usr-f4e88a7c,strm-234697c0,2023-12-03,2453707,0.3367436139150177
1,usr-19d5149b,strm-471ae7a7,2023-11-29,2722592,0.6256460798144472
1,usr-735f86d2,strm-dc96f842,2023-10-23,190356,0.05645431077401771
1,usr-cf7d3a7b,strm-f3621f48,2023-09-30,542611,0.9943793105428423
1,usr-75dac993,strm-58d7fe81,2023-08-10,386563,0.6635663708761005
1,usr-17a13355,strm-00d88b68,2023-08-17,2563008,0.9127841523590313
1,usr-fcd2e6f8,strm-c344340d,2023-08-23,3039289,0.6348258678981735
1,usr-88503b23,strm-91b92ea6,2023-08-26,2488853,0.4136107371372475
1,usr-09786814,strm-29ff15d3,2024-01-12,2157934,0.3125391082572049
1,usr-612d455a,strm-bc40e633,2024-01-11,1147879,0.21233312775850122
1,usr-cf7d3a7b,strm-fc056caf,2023-12-27,2623136,0.1756562231201254
1,usr-ada8b8bd,strm-22a35f50,2023-11-16,2631725,0.6255284584232171
1,usr-7964db0d,strm-dc7e18e4,2024-01-22,1450490,0.5062726074656185
1,usr-f24a47be,strm-75ff7844,2023-08-25,1716417,0.9508954479616573
1,usr-1d676ed6,strm-ee26500e,2023-08-21,2704955,0.5094397012795439
1,usr-715c28c3,strm-d7f691a1,2023-10-17,3003998,0.2790072489166241
1,usr-edd1e48e,strm-91b92ea6,2023-08-20,3354721,0.5691575399318711
1,usr-cf4094e8,strm-dddc2a0e,2023-12-23,1945477,0.8890319755247931
1,usr-1a929e70,strm-d024b12d,2024-01-14,3122864,0.37716704965258624
1,usr-75dac993,strm-eb62d0c1,2023-10-13,3214486,0.2181134709158346
1,usr-6e82ff08,strm-15f13f10,2023-11-24,205060,0.9946162338523397
1,usr-c879d041,strm-d7f691a1,2024-01-04,3588611,0.14351765241388809
1,usr-92063100,strm-29a20708,2023-12-30,3039450,0.1541448398502136
1,usr-950a4b93,strm-1e3eda21,2023-09-29,504448,0.5306200150012396
1,usr-a5ac7769,strm-f9e41ad4,2023-10-02,803557,0.48946921026053974
1,usr-0d46edd3,strm-150d1cde,2023-08-30,2395876,0.8873406072124076
1,usr-59038418,strm-dc96f842,2023-12-30,1471263,0.8710083034828822
1,usr-e47c0c12,strm-b53c939b,2023-08-14,2138762,0.7966888836245465
1,usr-98610fc6,strm-70f2bb16,2023-12-27,385357,0.8663432607741308
1,usr-c5ec8054,strm-dfca0612,2023-10-07,249398,0.5992195105372228
1,usr-5f872e95,strm-471ae7a7,2023-12-22,1273576,0.7002734177249829
1,usr-fe88e05a,strm-43c18dae,2024-01-14,2985111,0.8246819107877248
1,usr-2909ac09,strm-e3fb78f8,2023-09-30,112766,0.5655713075533704
1,usr-49d21b5a,strm-fd531772,2023-08-30,541699,0.46204464568697884
1,usr-2e90f097,strm-e4e1dbe5,2023-11-30,2398143,0.6094681754191663
1,usr-4e0d240a,strm-4eba3fe3,2023-11-05,306777,0.1093711067567099
1,usr-92063100,strm-58d7fe81,2023-09-16,3551857,0.6745988716999249
1,usr-63139c4c,strm-afac5860,2023-10-28,3024373,0.10998843195320353
1,usr-0e636010,strm-4bc7f295,2023-10-31,499914,0.5379561316570168
1,usr-cb6af303,strm-15519156,2024-01-25,2285643,0.32662063684100356
1,usr-63139c4c,strm-42bfed8f,2023-08-11,940899,0.8815226894935416
1,usr-954b130f,strm-0b1d792d,2023-10-29,2171186,0.5323901251571497
1,usr-46905193,strm-8b3938c8,2023-10-28,1915783,0.11409839480445565
1,usr-7ed71dcc,strm-967bda42,2023-08-25,3524218,0.4703124706516219
1,usr-ec454ed0,strm-d8c48340,2023-08-21,797082,0.8512288294028025
1,usr-5dbbd189,strm-cc17fd58,2023-09-01,1698720,0.7401035743546768
1,usr-24bbb2d6,strm-7fda6ac1,2023-09-11,1665822,0.9376115378926616
1,usr-b555effe,strm-33055a63,2023-11-17,1744524,0.49430464432394544
1,usr-cb6af303,strm-c344340d,2023-11-26,1003699,0.10661990656682177
1,usr-e42c8b9d,strm-a1ea70e1,2024-01-24,318568,0.23260849154435087
1,usr-fb745be4,strm-98025f23,2023-09-19,2221389,0.22903679504342417
1,usr-1babf2b8,strm-7b13d230,2023-10-23,2551575,0.6153517718900235
1,usr-d4cc9d61,strm-ee9b19fa,2023-10-19,1163314,0.3427400010307942
1,usr-49d21b5a,strm-39e71b6e,2023-10-26,3243671,0.419996437310176
1,usr-f01d6a7e,strm-bc9f2833,2023-12-25,546336,0.42963128841836656
1,usr-fe88e05a,strm-d324695a,2023-12-05,2716775,0.34545136036454793
1,usr-aff16f5a,strm-556b1a7e,2023-11-13,320410,0.13042022075435422
1,usr-88a50a6e,strm-7cd4fea0,2023-08-13,270610,0.25432090303037186
1,usr-61e5cada,strm-5a312371,2023-11-17,935992,0.8995727183937307
1,usr-c165d5bd,strm-e3944f00,2023-10-04,729111,0.402964312744288
1,usr-64c6a892,strm-d0f87ae1,2023-11-23,1306031,0.520349290502211
1,usr-fe88e05a,strm-29ff15d3,2024-01-02,2542335,0.8459255611281972
1,usr-f01d6a7e,strm-ffdb3492,2023-10-01,707244,0.3668878878440218
1,usr-f89eca00,strm-c8caf8ff,2023-11-28,2649747,0.6387843162546902
1,usr-735f86d2,strm-6fb122b0,2023-12-17,2432545,0.7828810872345071
1,usr-e586ad9a,strm-38efb685,2023-12-26,1774949,0.7560973324813177
1,usr-92063100,strm-252e80c1,2024-01-24,177047,0.6408042130445724
1,usr-69eba04a,strm-c5ec244d,2023-08-11,3190856,0.33945200501359724
1,usr-d8471a9e,strm-34e43319,2023-10-09,2687766,0.17429217176295242
1,usr-d8471a9e,strm-5b39c04d,2024-01-27,3168929,0.9297401646882724
1,usr-6aee717e,strm-43c18dae,2023-09-11,653893,0.508011543546959
1,usr-f66ba022,strm-3cefec99,2023-11-06,676917,0.7260113513317924
1,usr-587813d2,strm-029e4982,2023-12-13,774463,0.1386786234408222
1,usr-039e038a,strm-f9e41ad4,2024-01-31,2616586,0.20413362152338288
1,usr-e7805ec9,strm-54e71aae,2023-08-18,460691,0.8526115075513637
1,usr-67f49b0d,strm-3f189710,2023-08-15,3413315,0.5112633933224608
1,usr-88a50a6e,strm-29ff15d3,2023-12-05,2518613,0.48297583837460045
1,usr-a660a97c,strm-2251ce90,2023-09-12,2447000,0.5206296912258666
1,usr-3558bbdd,strm-29b705b6,2023-10-12,1855827,0.6502522167622078
1,usr-18e5deed,strm-12ee6107,2023-10-21,1991511,0.6246777040783961
1,usr-a3b72ece,strm-1a6ab985,2023-12-08,1405327,0.13340027420048298
1,usr-863f94f9,strm-55cabf4f,2024-01-02,756493,0.7911552567036368
1,usr-1d676ed6,strm-3f2e5c88,2023-12-26,1153764,0.2545603559385059
1,usr-14b7ede9,strm-0c50aec6,2023-11-02,1333706,0.8012145491101398
1,usr-d2260722,strm-afac5860,2023-12-19,1529031,0.8264014393077589
1,usr-6e82ff08,strm-60d1681b,2024-01-09,2072791,0.0956742895259209
1,usr-31eb8775,strm-8a045fb0,2023-08-16,3300114,0.696217439314158
1,usr-02d28016,strm-b726249b,2023-10-07,3018487,0.7496004755580454
1,usr-0597d68f,strm-8dbbef4c,2023-09-13,2945659,0.9903294274105157
1,usr-2e012f50,strm-2226461b,2023-10-29,1635660,0.6284263829045516
1,usr-2ed6a909,strm-f18fbb1a,2023-08-14,2541855,0.3343741854471478
1,usr-fea421ca,strm-917f2be2,2023-10-05,2272161,0.9303336601220795
1,usr-24bbb2d6,strm-b0f99ccd,2023-08-26,171439,0.7844180194109296
1,usr-88a50a6e,strm-3f189710,2023-11-01,1465508,0.3769902185078026
1,usr-88503b23,strm-6e9ddf10,2023-11-13,219774,0.4316899388391974
1,usr-a5ac7769,strm-f3621f48,2023-11-26,191183,0.8028762470048586
1,usr-d8c8071f,strm-2ef88458,2023-09-29,3390291,0.1267293396773712
1,usr-5aade24b,strm-72f34b1d,2023-11-18,134721,0.817294924606311
1,usr-6e5a8eaa,strm-66536332,2023-09-20,2376644,0.7820183470161984
1,usr-905c0529,strm-0210b854,2023-12-25,442562,0.5106869189762311
1,usr-03e9a3ba,strm-e0f898df,2023-12-20,3136115,0.9574654742842746
1,usr-6bf4b8bb,strm-fcea3437,2023-10-13,1040384,0.5154789068379964
1,usr-32ecc7cc,strm-9bf427e9,2023-09-03,581924,0.8854349629789562
1,usr-74345855,strm-e40f0173,2023-11-30,2654334,0.2626400759168249
1,usr-3558bbdd,strm-360f02df,2023-09-23,3324550,0.36914878658728156
1,usr-9017d93e,strm-8704455a,2023-11-02,163881,0.8137706858351802
1,usr-735f86d2,strm-52725ceb,2023-10-06,2907702,0.5351547005036194
1,usr-a7f362fd,strm-2221f87f,2024-01-08,607271,0.7864024130099245
1,usr-a6b25129,strm-becbcc63,2023-10-25,1542784,0.9301861919802661
1,usr-e47c0c12,strm-471ae7a7,2023-10-19,2234998,0.9954132991659792
1,usr-d5f7f43d,strm-96eb66a1,2023-08-14,96490,0.9337816569260609
1,usr-97228f9f,strm-b3b4a705,2023-10-01,2406563,0.10952457255921236
1,usr-86dc3cfe,strm-cf36d09a,2024-01-08,3397228,0.15407921603936897
1,usr-735f86d2,strm-b88e5203,2023-11-29,1218963,0.23788808563289254
1,usr-5b0a7894,strm-52725ceb,2023-10-03,555773,0.9525601386114588
1,usr-31eb8775,strm-5fdd5637,2023-08-18,1968697,0.1425223739443922
1,usr-fea421ca,strm-75ff7844,2024-01-29,822730,0.9808767270640428
1,usr-d00aae76,strm-98025f23,2023-08-21,2044872,0.602817080847131
1,usr-75dac993,strm-59ac15d4,2023-09-20,3132311,0.43967642816345787
1,usr-55f77199,strm-22dd94e0,2023-08-23,1582212,0.36024882897603
1,usr-e4a3b9a0,strm-fc056caf,2024-01-07,39810,0.09467296683440056
1,usr-e3d6b4bf,strm-8b250404,2023-09-30,800177,0.31101671981073525
1,usr-7ed71dcc,strm-b3b4a705,2023-08-20,3362219,0.45076913045329653
1,usr-8bff52ed,strm-ab54a025,2024-01-26,1022961,0.6955813728585389
1,usr-09010cf1,strm-b88e5203,2023-09-26,2417099,0.717949350327427
1,usr-ff41e9fc,strm-883348bd,2023-11-09,3212007,0.521013387488778
1,usr-0d46edd3,strm-3cefec99,2023-09-18,2520710,0.33807413457498353
1,usr-2ed6a909,strm-85315c12,2023-09-15,2145121,0.9427130790390382
1,usr-6e82ff08,strm-f9e41ad4,2023-09-23,1418968,0.3529058898484112
1,usr-31e56c24,strm-e3944f00,2023-11-25,579046,0.22501027111560756
1,usr-dad43a58,strm-051076ac,2023-10-27,424444,0.6006340291278304
1,usr-c70f52dc,strm-959d0cda,2023-08-28,3112957,0.6733275430445069
1,usr-ad0facb5,strm-4d15f124,2023-12-25,311757,0.8589474667137087
1,usr-f2bbf589,strm-5e77373a,2023-09-20,1231104,0.20199717949969515
1,usr-5dbbd189,strm-b802d12f,2024-01-29,3541271,0.8495462747988698
1,usr-cda4df6b,strm-b0f99ccd,2023-10-04,1680186,0.42702384499186424
1,usr-606088bf,strm-e6d808c2,2023-08-21,1677211,0.7008917345815573
1,usr-cac32514,strm-c321dd43,2023-08-20,1416165,0.6500352216718219
1,usr-fb2463d4,strm-43ef6943,2023-10-16,1149327,0.4877199136080198
1,usr-c165d5bd,strm-168e74e0,2023-11-09,2845345,0.9437408314921397
1,usr-63139c4c,strm-f43563c8,2023-11-08,329017,0.513448989597585
1,usr-98610fc6,strm-74b6ef5f,2024-01-24,2956137,0.5704573821917812
1,usr-c879d041,strm-d4881912,2023-08-13,2113048,0.7447189753712227
1,usr-0dbca433,strm-c70d4b77,2024-01-09,606941,0.6579870528717748
1,usr-75dac993,strm-cf36d09a,2023-09-14,832781,0.6129368707479613
1,usr-ea9dc933,strm-3c5f0978,2023-10-15,2189127,0.06149837219291734
1,usr-4d664edc,strm-c8caf8ff,2023-10-08,2422057,0.05597956145909137
1,usr-38bb498f,strm-8b250404,2023-10-10,1276657,0.09984528689055741
1,usr-039e038a,strm-ffdb3492,2024-01-23,2958608,0.7416436783743394
1,usr-e2b7c331,strm-ffdb3492,2023-10-02,816051,0.46917455165994926
1,usr-09786814,strm-d324695a,2023-09-26,2568115,0.6162335190209765
1,usr-b2e46dab,strm-bb355c98,2023-12-09,32039,0.13218032238922472
1,usr-fece1b7c,strm-34e3828c,2023-12-31,1466672,0.3197130195614305
1,usr-6bf4b8bb,strm-029e4982,2023-09-01,1497008,0.22289097451895207
1,usr-735f86d2,strm-7d728950,2023-12-04,1872780,0.17038723181728693
1,usr-a1046e7c,strm-8ef90690,2023-10-21,1908060,0.8568454563575498
1,usr-7964db0d,strm-3f2e5c88,2023-11-19,622351,0.22580647249269242
1,usr-c7722b72,strm-e8da3a55,2023-12-29,1450237,0.25234082382904083
1,usr-bc7470b9,strm-ffdb3492,2023-08-31,1822496,0.9111862093104695
1,usr-61e5cada,strm-360f02df,2023-10-27,498298,0.3308888387549218
1,usr-97228f9f,strm-f040dd6a,2023-11-18,2551949,0.3869370591420131
1,usr-38bb498f,strm-60f0f43e,2023-09-13,1972957,0.28116421880797376
1,usr-6220d0a2,strm-9f13281e,2023-10-04,2608498,0.5837147918196235
1,usr-36a4f828,strm-5a4883ea,2023-12-10,910013,0.4221107249112259
1,usr-5bc3f759,strm-4f5cfd2d,2023-11-26,3428777,0.982464176581493
1,usr-768487c6,strm-12ee6107,2023-12-17,2334843,0.6191910671489483
1,usr-a3b72ece,strm-1eca6d2f,2023-10-13,2738258,0.5178100748548986
1,usr-044499b1,strm-43ef6943,2023-12-07,1845399,0.22128598447010828
1,usr-d8013104,strm-a616cfae,2023-08-12,2680500,0.9292077632205025
1,usr-1a929e70,strm-d324695a,2023-10-19,2994128,0.6189944886606864
1,usr-3de4f1ea,strm-c8f70844,2023-09-18,464214,0.20251016842173547
1,usr-bf2a3290,strm-a4b8ea8f,2023-09-10,2673356,0.37655812460641
1,usr-b99da0d2,strm-538c4121,2023-09-14,1331088,0.5863928568007107
1,usr-1c103460,strm-9497fa61,2023-11-06,2397931,0.5747018761884561
1,usr-df56e82a,strm-b726249b,2023-10-10,2925682,0.8751497354073158
1,usr-a1046e7c,strm-e4e1dbe5,2023-08-26,3121217,0.49418388040050926
1,usr-5f872e95,strm-d04238d8,2023-12-18,2283493,0.5176443009699008
1,usr-0dbca433,strm-7cd4fea0,2023-08-21,701687,0.22827528441461853
1,usr-b0338418,strm-f7e6abd9,2024-01-27,2608926,0.5486364070979688
1,usr-8e135113,strm-d324695a,2023-08-23,1534851,0.37478434933164034
1,usr-3558bbdd,strm-b89a9f18,2023-10-06,3535749,0.9014986272726545
1,usr-8fc70a13,strm-252e80c1,2023-11-25,2340198,0.7259334599287344
1,usr-e18a7b96,strm-ab889cba,2023-08-27,2283534,0.7032786321294362
1,usr-08dbe213,strm-61411431,2024-01-13,1797304,0.5623795279328956
1,usr-517d8cb7,strm-f2db51df,2024-01-29,1699552,0.3568630695402089
1,usr-92063100,strm-029e4982,2023-08-21,445603,0.16850361018014065
1,usr-e801fcd0,strm-b726249b,2023-12-24,2161419,0.8285132200595191
1,usr-61e5cada,strm-150d1cde,2023-09-12,2232225,0.47516185466375827
1,usr-f89eca00,strm-051076ac,2023-09-25,535755,0.08612847737812832
1,usr-c5ec8054,strm-b88e5203,2023-10-23,1457614,0.7912579070050699
1,usr-b2e46dab,strm-5d409a3a,2023-09-27,2963838,0.12234465487269097
1,usr-fc3dce2a,strm-601b5386,2023-08-17,130229,0.4778418989915832
1,usr-d62de943,strm-c1fe0bae,2023-08-18,568629,0.9182910280410114
1,usr-cac32514,strm-a965bce4,2024-01-06,452740,0.8086019857861789
1,usr-755b9a01,strm-e5c916d1,2023-09-17,920954,0.28500767024210444
1,usr-802cad2b,strm-d3636305,2023-08-28,973396,0.5863975383012512
1,usr-e42c8b9d,strm-f2db51df,2023-08-20,2789630,0.5287893363949211
1,usr-1924b5ec,strm-9cbc29c3,2024-01-19,2134908,0.40464945556088455
