auction_id_placeholder,auction_guid,product_guid_fk,stream_guid_fk,starting_price,reserve_price,start_time,duration_seconds,end_time,status,winner_user_guid_fk,bid_count,current_price
1,auc-d40be145,prod-8e12b86d,strm-d1122dc7,46.592980467547704,218.59732135640093,2023-03-17,6550,2023-12-18,cancelled,usr-86dc3cfe,4,46.592980467547704
1,auc-7293b7df,prod-929845f0,strm-3392a92a,19.323576630364986,249.37327389616803,2023-11-08,784,2023-12-23,active,usr-715c28c3,1,19.323576630364986
1,auc-21c492ac,prod-e8feeb13,strm-5d705a2c,198.47460316857536,420.3435557968027,2023-07-29,1014,2023-11-25,sold,usr-3032360b,1,198.47460316857536
1,auc-8e160f99,prod-1308b7ce,strm-62e7c73f,142.71023429181997,364.45412493766673,2023-08-01,5694,2023-10-11,pending,usr-f4e88a7c,2,142.71023429181997
1,auc-eadfe077,prod-14329b08,strm-f93ca559,166.72044122036445,401.7944787715185,2023-12-14,941,2023-12-25,pending,usr-a24b7d55,1,166.72044122036445
1,auc-e598f2ef,prod-c6dce53d,strm-06600b47,73.47877245812366,182.47371416113054,2023-03-31,4463,2023-07-19,sold,usr-6e82ff08,1,73.47877245812366
1,auc-1a0d1c84,prod-aadac269,strm-a965bce4,40.667473541967226,351.5032157754693,2023-04-14,405,2023-12-07,sold,usr-5f872e95,1,40.667473541967226
1,auc-f7d90703,prod-6aaaf791,strm-e8bd43b2,68.29953239096187,183.70179059635694,2023-09-08,723,2023-10-31,sold,usr-5b0a7894,5,68.29953239096187
1,auc-1002f56e,prod-c22c5bb5,strm-b58c59a9,2.7568960159982505,419.5363228089265,2023-06-22,1539,2023-11-30,active,usr-f7eae2a6,5,2.7568960159982505
1,auc-547aabd7,prod-3e433346,strm-98025f23,101.0280186389606,244.22235853460444,2023-05-31,6975,2023-12-28,pending,usr-856200aa,4,101.0280186389606
1,auc-68938909,prod-22f95928,strm-9f13281e,157.40387816578365,319.3825917847311,2023-04-11,6073,2023-08-10,pending,usr-704ef4e0,4,157.40387816578365
1,auc-d7515a86,prod-0f772f38,strm-00d88b68,106.98604246741742,231.4311311411967,2023-09-17,399,2023-11-19,sold,usr-88503b23,5,106.98604246741742
1,auc-7f252b57,prod-e02be838,strm-4133bd19,185.1682914203679,226.0902647702455,2023-07-22,4309,2023-10-06,unsold,usr-071a7f70,0,185.1682914203679
1,auc-c0bdc812,prod-ee250c35,strm-1dbf3f3a,165.82665449459506,256.2617816893702,2023-09-26,6715,2023-12-11,pending,usr-f24a47be,5,165.82665449459506
1,auc-c58ff08a,prod-d18ed1a5,strm-5bb4196f,29.92438362217375,120.71733598638899,2023-09-10,4776,2024-01-14,cancelled,usr-9c6355be,2,29.92438362217375
1,auc-3ce95e6f,prod-6a7342fc,strm-bb355c98,64.87730420058216,345.3510467918954,2023-09-14,6178,2023-12-16,sold,usr-c0107131,2,64.87730420058216
1,auc-435b3249,prod-bd80f256,strm-58d7fe81,159.73084049849092,491.8635495116933,2023-04-22,6271,2023-07-13,active,usr-be6fc7ae,2,159.73084049849092
1,auc-69eba1b4,prod-5d845c11,strm-d1122dc7,185.82017827732292,476.7418366361429,2023-07-01,2074,2024-01-11,active,usr-10c868d4,4,185.82017827732292
1,auc-403feb21,prod-12f387de,strm-b71b82d2,145.91282863922257,467.20620545720135,2023-03-03,2390,2023-10-28,pending,usr-38bf583d,3,145.91282863922257
1,auc-57952020,prod-b3d611a6,strm-34e3828c,18.673639690475035,329.48219762121,2023-11-17,777,2023-12-01,unsold,usr-1a64f9e8,5,18.673639690475035
1,auc-59212535,prod-dd497c6d,strm-dd017ac7,148.2618520167138,223.71881321951585,2023-03-04,5455,2023-04-29,active,usr-c165d5bd,2,148.2618520167138
1,auc-564718fb,prod-bfb15b4d,strm-5678a272,196.59243236339998,276.88472561188917,2023-09-29,447,2023-11-08,cancelled,usr-f67c2be6,5,196.59243236339998
1,auc-9dec2791,prod-2ddb4fcb,strm-f5a96029,36.48325894776307,157.2220098676563,2023-08-07,1005,2023-09-18,cancelled,usr-4844cb4c,2,36.48325894776307
1,auc-e3c9b322,prod-8ed5f6f0,strm-691a6e82,110.3813206672741,251.721314971542,2023-10-06,915,2023-12-01,cancelled,usr-517d8cb7,3,110.3813206672741
1,auc-c118f326,prod-220e98db,strm-a68c53c8,158.36128476242945,346.2401773992858,2023-11-10,5961,2023-12-17,pending,usr-0a10aa5f,5,158.36128476242945
1,auc-39389584,prod-043c28c3,strm-ab54a025,181.43034635719872,298.1150419745696,2023-04-24,6851,2023-05-03,pending,usr-9200cd48,4,181.43034635719872
1,auc-22854114,prod-9d602411,strm-15f13f10,141.48569830412688,323.03617048665933,2023-12-08,665,2023-12-19,cancelled,usr-b63421a7,3,141.48569830412688
1,auc-a7a65db7,prod-e0239a01,strm-b61db30c,167.6944427053794,496.1511837350708,2023-08-25,6629,2023-11-13,sold,usr-4a2b8292,2,167.6944427053794
1,auc-d32e6dfb,prod-0797a869,strm-5d705a2c,188.52001583371705,285.5393583557478,2023-03-30,1573,2023-09-23,active,usr-735f86d2,1,188.52001583371705
1,auc-4682e7c7,prod-2d93b618,strm-1eca6d2f,159.34514330658857,386.09823411206975,2023-12-26,5095,2024-01-13,cancelled,usr-4c8d32fd,2,159.34514330658857
1,auc-3cf1311d,prod-fffc638b,strm-e0f898df,135.64494537026027,273.98353847769414,2023-10-18,3012,2024-01-03,pending,usr-f04c75d7,1,135.64494537026027
1,auc-a4798b8b,prod-c68762e4,strm-e40f0173,17.303391713709132,146.99062414346082,2023-10-01,5212,2023-11-09,pending,usr-c0107131,1,17.303391713709132
1,auc-98f2de15,prod-fb82b356,strm-aac0a258,70.827848766924,366.615246226814,2023-07-13,5782,2023-07-26,pending,usr-905c0529,3,70.827848766924
1,auc-c71925d6,prod-03d0085a,strm-0b94b8a8,136.65669786959484,356.61227684555894,2023-08-22,2162,2023-09-26,cancelled,usr-a6d2a550,4,136.65669786959484
1,auc-455f7257,prod-68767a93,strm-45ee6808,157.98471974739485,219.8561514383544,2023-12-21,6240,2024-01-08,pending,usr-8a8b69e7,3,157.98471974739485
1,auc-5a500fcc,prod-b91241be,strm-c8caf8ff,129.7093468942527,420.9198609961042,2023-11-27,3870,2024-01-01,unsold,usr-0d46edd3,3,129.7093468942527
1,auc-85e610b5,prod-b5da08b5,strm-00096f98,156.4415739875946,355.1254614186422,2023-08-19,3254,2023-10-14,cancelled,usr-67f49b0d,1,156.4415739875946
1,auc-f2ff38be,prod-e0239a01,strm-59ac15d4,117.07127968951278,440.4869352527996,2023-05-21,319,2023-10-12,sold,usr-9ccd6726,4,117.07127968951278
1,auc-d3455e11,prod-9aa81996,strm-c9bb6a1a,159.69122605797827,448.22840702989436,2023-06-19,5918,2023-12-08,pending,usr-a130a4a5,1,159.69122605797827
1,auc-ecdf8d88,prod-92df7c71,strm-e5c916d1,117.89710606773673,142.75149033552435,2023-06-25,4978,2023-08-19,active,usr-08c2d8e3,5,117.89710606773673
1,auc-e7800794,prod-4e968da1,strm-fd531772,136.39847042070082,338.4739957451565,2023-10-03,596,2023-11-13,pending,usr-e38fa428,0,136.39847042070082
1,auc-930f8045,prod-7e9ce580,strm-7cd4fea0,42.33380554228436,128.03494101699144,2023-10-18,4229,2023-12-17,pending,usr-51283925,4,42.33380554228436
1,auc-ccdb5a7d,prod-0e9b1f1d,strm-2cd13f2e,191.39358254583283,370.7974255335292,2023-12-21,2062,2024-01-02,unsold,usr-19d5149b,3,191.39358254583283
1,auc-22a2c811,prod-bc9c18b3,strm-b88e5203,146.50361222208016,366.98438419662875,2023-11-04,2172,2023-12-02,active,usr-bee48d6b,4,146.50361222208016
1,auc-854ddd7a,prod-b56f2f18,strm-dda3c34b,36.54237883948105,138.50399278410714,2023-08-14,1294,2023-09-23,active,usr-f4f9a207,5,36.54237883948105
1,auc-c82ae6ca,prod-5f788def,strm-d6cf39e2,138.5847848028594,255.23529289097283,2023-09-30,3470,2024-01-09,pending,usr-cac32514,4,138.5847848028594
1,auc-b7959309,prod-5ba9d4a4,strm-b0f99ccd,52.89156808906643,99.39870135979251,2023-10-05,169,2023-11-03,pending,usr-fea421ca,2,52.89156808906643
1,auc-2925feac,prod-c75bbef0,strm-959d0cda,46.390389041134135,389.94229367618584,2023-03-30,4637,2023-08-18,pending,usr-b481aa61,2,46.390389041134135
1,auc-76764e8f,prod-3b27e5eb,strm-70f2bb16,46.57002804855389,178.51357057081205,2023-11-20,6860,2023-12-22,pending,usr-df56e82a,1,46.57002804855389
1,auc-c0eb8f61,prod-8851ad33,strm-62e7c73f,105.47805590885454,428.38178840941424,2023-07-16,5190,2023-10-07,active,usr-22aaa082,4,105.47805590885454
1,auc-cede9205,prod-da8e02e8,strm-094c2697,164.4368573908925,384.29999753314394,2023-07-28,536,2023-08-22,active,usr-de7855dc,5,164.4368573908925
1,auc-b4c590de,prod-c6e923a4,strm-f3621f48,190.71450037762185,459.62100649343944,2023-06-19,5101,2023-08-29,cancelled,usr-97228f9f,3,190.71450037762185
1,auc-74b42b6e,prod-8ed5f6f0,strm-43c18dae,8.568623140784057,139.93971723540807,2023-06-05,3176,2023-12-13,active,usr-28ae7fc8,1,8.568623140784057
1,auc-be0f7adf,prod-96dfc467,strm-7c71fea5,83.96142839610688,431.25408377544863,2023-11-08,2574,2024-01-08,unsold,usr-17a13355,2,83.96142839610688
1,auc-79ffce84,prod-9b48e680,strm-b726249b,104.82003741374763,159.50177739028229,2023-12-12,3707,2023-12-31,active,usr-2605b31d,0,104.82003741374763
1,auc-6ce1663e,prod-308fa7e2,strm-d7f691a1,154.92051714621937,401.1316162631998,2023-09-05,1614,2023-11-10,pending,usr-8b3c0733,5,154.92051714621937
1,auc-52cf7162,prod-4e968da1,strm-c8f70844,157.641178848934,359.1180473053653,2023-12-04,3453,2023-12-17,pending,usr-32ecc7cc,1,157.641178848934
1,auc-7ccb9d42,prod-15e5495f,strm-f926f8cf,63.48920400966317,105.66486313903138,2023-07-06,3574,2023-12-09,pending,usr-1a64f9e8,3,63.48920400966317
1,auc-25049518,prod-06645bfa,strm-9386c0ae,82.99553432947495,382.33226050446626,2023-06-04,1738,2023-09-24,sold,usr-fc3dce2a,3,82.99553432947495
1,auc-66d9d3a7,prod-e753468d,strm-bc40e633,18.68977925004674,463.7630374142076,2023-10-18,2804,2024-01-15,unsold,usr-8bff52ed,4,18.68977925004674
1,auc-81f40115,prod-26e1e79e,strm-04e40c0d,144.11995187034523,461.70840168615564,2023-08-19,442,2023-09-12,pending,usr-25d26aa6,4,144.11995187034523
1,auc-aed1380d,prod-94c2a2fd,strm-0326022c,182.8077198128542,317.9590107748557,2023-03-19,4184,2023-09-28,unsold,usr-9ba8a029,3,182.8077198128542
1,auc-02de45d0,prod-2ddb4fcb,strm-fd531772,116.13629367069605,451.4006214845517,2023-05-29,745,2023-11-06,pending,usr-ad0facb5,3,116.13629367069605
1,auc-15c55bdd,prod-b5806e41,strm-a9897861,177.5996618556352,439.41455459886686,2023-04-19,1128,2023-06-19,pending,usr-1d676ed6,3,177.5996618556352
1,auc-85c247de,prod-ced69a2b,strm-fd531772,93.41925501401579,252.75597801605787,2023-07-17,4759,2023-09-27,active,usr-0d9dd263,3,93.41925501401579
1,auc-0cf32a7c,prod-be16155f,strm-44e30f97,103.39613492191805,437.4348868129922,2023-12-17,356,2023-12-22,sold,usr-61e5cada,5,103.39613492191805
1,auc-e85b427b,prod-43195159,strm-54e71aae,130.2959145708964,168.60152437541458,2023-06-01,2152,2023-07-04,cancelled,usr-d4cc9d61,2,130.2959145708964
1,auc-1f6cf919,prod-f8109d08,strm-45ee6808,41.120224377691734,355.25497341470276,2023-07-22,1727,2023-08-24,active,usr-1a64f9e8,0,41.120224377691734
1,auc-0cd2216a,prod-7b35820f,strm-76886612,145.8931210493017,152.38643477675134,2023-03-15,4643,2023-09-14,active,usr-d2260722,5,145.8931210493017
1,auc-9ad361ad,prod-7805b59b,strm-5c671bd4,199.3371788840263,356.12577639389275,2023-06-18,1174,2023-11-26,active,usr-4c8d32fd,3,199.3371788840263
1,auc-b2768398,prod-710f69f9,strm-d1122dc7,26.788934084733704,396.461241983047,2023-08-10,6045,2023-10-22,cancelled,usr-43d993dc,1,26.788934084733704
1,auc-9dade55e,prod-ea3879ca,strm-dbdf82f4,23.931844276580254,206.97369997131983,2023-03-12,5079,2023-10-09,cancelled,usr-85fcbd72,5,23.931844276580254
1,auc-6ebba1b6,prod-ae87c23b,strm-167be33a,39.61572120205058,333.74854611621566,2023-09-09,4633,2023-11-02,cancelled,usr-755b9a01,2,39.61572120205058
1,auc-3efd61ed,prod-6fc5fba9,strm-2cd13f2e,179.3981979696954,381.02690261576737,2023-10-20,5197,2023-12-17,pending,usr-ec454ed0,4,179.3981979696954
1,auc-6e3cf18c,prod-98c71c34,strm-ab889cba,111.450082584328,136.50234070594306,2023-12-26,2581,2024-01-06,active,usr-1924b5ec,4,111.450082584328
1,auc-183e5d09,prod-c054fba3,strm-e8f75dd4,73.24905090778698,406.0202388668714,2023-10-20,1923,2023-12-19,sold,usr-e586ad9a,3,73.24905090778698
1,auc-50c01ffc,prod-e4769d14,strm-c9036c72,22.640130297661567,137.0726368738576,2023-10-11,1797,2024-01-04,cancelled,usr-22aaa082,2,22.640130297661567
1,auc-0e2c7fd9,prod-efdde17c,strm-e8f75dd4,92.14409866103736,213.97953759195855,2023-07-10,771,2023-09-09,pending,usr-f01d6a7e,0,92.14409866103736
1,auc-7b9c46c1,prod-6570f705,strm-ab54a025,162.86564601498583,186.2882824471574,2023-12-15,2899,2024-01-09,active,usr-ba1ffa8a,4,162.86564601498583
1,auc-e65fc864,prod-5eb5ab98,strm-1ea4e429,75.39111240036983,124.97410443232883,2023-03-07,1165,2023-11-03,active,usr-a1046e7c,0,75.39111240036983
1,auc-214248b6,prod-f4f6e3a3,strm-e4e1dbe5,175.15832200432212,277.9130981394535,2023-07-28,3190,2023-12-25,active,usr-0a10aa5f,1,175.15832200432212
1,auc-d13d6a51,prod-3e433346,strm-e9763f57,58.301662278093985,452.76149488758057,2023-03-19,604,2023-06-27,unsold,usr-6083d943,4,58.301662278093985
1,auc-c76e70d1,prod-716fcae8,strm-fad5731f,119.45109241166581,368.12491176931724,2023-05-14,1165,2023-06-01,unsold,usr-155e0ea4,3,119.45109241166581
1,auc-a3129906,prod-7805b59b,strm-76bb8c1f,164.1431397292929,202.02999824024337,2023-03-08,3295,2023-06-11,active,usr-a6b25129,4,164.1431397292929
1,auc-b4d358d0,prod-14d5eb4c,strm-4bc7f295,94.37628360176058,421.95489333734434,2023-07-29,2919,2023-12-11,active,usr-09010cf1,2,94.37628360176058
1,auc-f7c5f379,prod-079f843c,strm-d8c48340,69.74711388692594,429.20872964171986,2023-08-28,207,2023-09-07,active,usr-4fcc955c,1,69.74711388692594
1,auc-7f1ff858,prod-54504959,strm-bf3c90d3,39.1373839716109,43.46527115719404,2023-11-23,4003,2023-11-25,active,usr-607f1a08,1,39.1373839716109
1,auc-b962b986,prod-d589e3fc,strm-d77e6ee9,164.9364736794559,349.5557964210847,2023-06-03,3268,2023-09-24,unsold,usr-755b9a01,3,164.9364736794559
1,auc-cbdd855b,prod-b3a20247,strm-4e549421,133.94598092097468,266.093336869884,2023-10-06,551,2023-10-24,sold,usr-8d8c58bc,2,133.94598092097468
1,auc-6b2be753,prod-9dbceb22,strm-b930d03c,146.81268805653676,168.35770956495762,2023-07-14,4330,2024-01-01,cancelled,usr-8e135113,4,146.81268805653676
1,auc-18ee6228,prod-7a39f6ec,strm-d4881912,157.69404045392574,242.2982066520891,2023-11-27,6259,2023-12-17,active,usr-88a50a6e,4,157.69404045392574
1,auc-cd1f86f2,prod-043c28c3,strm-023de01a,28.784505771103216,406.3429972912142,2023-11-05,535,2024-01-13,pending,usr-fa698e22,2,28.784505771103216
1,auc-5a01abae,prod-36920e2e,strm-0b1d792d,190.81018795423194,384.7987989281689,2023-09-27,442,2023-10-25,cancelled,usr-4ee7510a,1,190.81018795423194
1,auc-746b036c,prod-22f95928,strm-9e82fd7f,179.26933389780157,307.1873407113727,2023-10-11,3389,2023-11-28,active,usr-d2b82aa2,4,179.26933389780157
1,auc-c927d358,prod-c908bf35,strm-00d88b68,181.14412456672906,476.58828025057346,2023-04-04,6726,2023-08-15,unsold,usr-d8013104,4,181.14412456672906
1,auc-3108d56c,prod-31910439,strm-9e7d189a,114.61386683111083,211.42714667983643,2023-05-28,5790,2023-08-03,active,usr-d59cad8a,4,114.61386683111083
1,auc-3429b0db,prod-929845f0,strm-2c80f6e7,20.67726999874091,478.31324876932774,2023-08-10,133,2023-10-03,active,usr-606088bf,3,20.67726999874091
1,auc-b2e684fb,prod-f45cd572,strm-ce12218b,181.1391912096507,402.13460240990264,2023-03-18,2304,2023-08-14,active,usr-befc4464,2,181.1391912096507
1,auc-33c7e78c,prod-23538ed7,strm-42bfed8f,109.19899466298756,269.8460761506097,2023-08-24,2386,2023-09-05,unsold,usr-821b5391,0,109.19899466298756
1,auc-5476e9c8,prod-bfb15b4d,strm-ed5b5c67,62.915818019851834,359.9683972303476,2023-12-15,5690,2024-01-04,pending,usr-46ca183c,2,62.915818019851834
1,auc-629b7e1f,prod-e2b2087e,strm-051076ac,83.98525218563401,303.48719847806757,2023-03-26,2533,2023-06-21,cancelled,usr-a3b72ece,3,83.98525218563401
1,auc-cef8c3dc,prod-5a0e3e0f,strm-ab54a025,135.0350950231587,155.25100017587732,2023-08-16,6215,2023-09-10,pending,usr-eec74cf5,3,135.0350950231587
1,auc-0cbcd379,prod-353fbbf5,strm-ffbca85a,87.67460861286825,375.02353421270124,2023-07-08,989,2023-08-04,active,usr-0a10aa5f,5,87.67460861286825
1,auc-1b79027b,prod-66580a9b,strm-baa21c4f,114.72181521957656,186.26103219250544,2023-03-15,929,2023-11-30,pending,usr-03e9a3ba,5,114.72181521957656
1,auc-152a6e16,prod-decdb7e4,strm-0fd8936a,9.960817328076875,261.3202415818272,2023-09-12,5052,2023-11-12,unsold,usr-df56e82a,1,9.960817328076875
1,auc-dd0500e2,prod-5a558b4d,strm-6fb122b0,128.34747800988202,447.13058189678753,2023-04-27,6120,2023-08-08,pending,usr-e36b5a97,5,128.34747800988202
1,auc-29854526,prod-197d42dd,strm-ab889cba,57.043050903563255,329.711623797162,2023-08-07,4866,2023-12-15,sold,usr-4e0d240a,3,57.043050903563255
1,auc-871779e5,prod-1dfd125e,strm-ac83e03b,171.46715134144887,275.17413773981315,2023-11-17,3639,2023-12-10,pending,usr-67f49b0d,0,171.46715134144887
1,auc-77dc18fa,prod-c1cec3e6,strm-cad2fe44,12.389332973490601,292.4164096558412,2023-07-04,4640,2023-11-11,sold,usr-f548a45f,3,12.389332973490601
1,auc-a2c853d0,prod-51f89b0d,strm-dc96f842,41.223585951449735,119.18618100262682,2023-08-05,2894,2023-09-16,pending,usr-cd1d9a17,1,41.223585951449735
1,auc-d2b7007b,prod-f52e384d,strm-e0f898df,44.905786768809996,47.65094337448459,2023-06-09,6448,2023-06-19,active,usr-180b1a51,3,44.905786768809996
1,auc-8de4c4c0,prod-a75aeab8,strm-fad5731f,48.38474112933595,460.6157992038904,2023-12-02,1340,2023-12-06,pending,usr-1ba9dbd6,4,48.38474112933595
1,auc-cf8aee6f,prod-9902beed,strm-b2633914,138.00236572875897,387.2179375292242,2023-06-10,2607,2023-11-29,sold,usr-afbcc355,3,138.00236572875897
1,auc-865e4dfd,prod-6fc5fba9,strm-5bb4196f,177.21236014079068,415.642580568087,2023-09-15,514,2023-09-20,active,usr-d8c8071f,3,177.21236014079068
1,auc-30c1f612,prod-8e981e92,strm-a68c53c8,17.750037489445514,474.3835307314366,2023-05-21,5036,2023-08-11,pending,usr-55f77199,5,17.750037489445514
1,auc-d67e4f10,prod-4f2f1d9d,strm-08b9d7b5,199.98370268628176,334.8608968793132,2023-11-22,1699,2023-12-10,pending,usr-03e9a3ba,5,199.98370268628176
1,auc-905ccbdf,prod-21c00cf3,strm-cf48ac48,81.68026593829227,251.22879139398322,2023-11-24,2074,2023-11-27,active,usr-88a50a6e,3,81.68026593829227
1,auc-b7736dca,prod-7805b59b,strm-e8da3a55,29.705844869946308,77.6112273408166,2023-10-02,231,2023-10-30,sold,usr-768487c6,1,29.705844869946308
1,auc-bdc4fba9,prod-e8feeb13,strm-7cd4fea0,152.58901966209675,459.2278734161156,2023-12-11,6830,2024-01-09,active,usr-67a12ef9,0,152.58901966209675
1,auc-3a53de2d,prod-6910721d,strm-8a045fb0,158.73156073170472,230.5224084431418,2023-11-13,4629,2023-12-07,sold,usr-e5031a4d,1,158.73156073170472
1,auc-78350b9b,prod-599aa6a8,strm-8a045fb0,185.2173315380797,348.12274712933277,2023-05-17,1071,2023-06-05,cancelled,usr-55f77199,3,185.2173315380797
1,auc-2e1464f2,prod-f8aed336,strm-d9b21e0f,25.605009695374093,454.1649617839067,2023-10-07,3776,2023-12-02,sold,usr-bc7470b9,5,25.605009695374093
1,auc-ab3da75b,prod-db202002,strm-5fdd5637,44.45006935023997,215.21369651632048,2023-06-18,2250,2023-11-05,sold,usr-d4cc9d61,4,44.45006935023997
1,auc-4947b9df,prod-a8d078fc,strm-51a56e9d,191.86282361350447,296.95065782592417,2023-12-23,4660,2024-01-09,pending,usr-ddaf1c0b,2,191.86282361350447
1,auc-f70b01cb,prod-e48b65fb,strm-dda3c34b,20.24940598065221,101.939577190832,2023-05-25,999,2023-10-11,sold,usr-3d951e61,2,20.24940598065221
1,auc-bd574d41,prod-5349f200,strm-29a20708,122.15092431140906,490.86213271749114,2023-09-02,6340,2023-12-14,active,usr-a86828e6,1,122.15092431140906
1,auc-53bb2d06,prod-db202002,strm-f78b2c9e,59.10144239899617,119.44590717001806,2023-04-27,4274,2023-10-31,active,usr-31eb8775,2,59.10144239899617
1,auc-3105a639,prod-65a71d64,strm-5d409a3a,65.05329320933576,384.96303763475765,2024-01-01,3157,2024-01-09,pending,usr-aff16f5a,1,65.05329320933576
1,auc-c0df061e,prod-f52e384d,strm-cd27a051,124.55196991586244,174.28216845845253,2023-05-23,1013,2023-09-06,active,usr-61e5cada,2,124.55196991586244
1,auc-0c867baa,prod-a233525a,strm-2213d44b,167.340018437622,366.78081148525445,2023-07-26,2532,2023-09-04,unsold,usr-863f94f9,3,167.340018437622
1,auc-795fcdaf,prod-61ddfd46,strm-dddc2a0e,199.94433077624024,290.12663293140236,2023-11-08,4287,2023-12-04,pending,usr-9d8446ae,2,199.94433077624024
1,auc-548d455c,prod-03476f0a,strm-9467782e,41.80396350576981,312.308132037244,2023-08-22,3803,2023-12-20,cancelled,usr-ad0facb5,1,41.80396350576981
1,auc-554ab285,prod-c34df271,strm-c70d4b77,135.31466762740325,163.65923680232186,2023-04-24,2823,2023-06-02,sold,usr-52ed6704,2,135.31466762740325
1,auc-d4455080,prod-710f69f9,strm-21c9aec6,113.53449404178812,141.6806393509833,2023-04-29,401,2023-09-14,cancelled,usr-a5ac7769,0,113.53449404178812
1,auc-fed6ce03,prod-e8129c74,strm-d04238d8,101.84609799667396,366.02588674209653,2023-10-06,2928,2023-10-13,pending,usr-8a8b69e7,3,101.84609799667396
1,auc-1beda4bd,prod-fd7143c4,strm-eb56c52f,126.6276263948391,178.05544298264493,2024-01-01,6539,2024-01-08,unsold,usr-f89eca00,3,126.6276263948391
1,auc-fc501d9f,prod-09073c4f,strm-4d8a083a,73.99600572347732,207.73325211458283,2023-08-22,4500,2024-01-13,pending,usr-67f49b0d,4,73.99600572347732
1,auc-e24d7e19,prod-16fc78d3,strm-91b92ea6,5.476310066584494,304.8220494725372,2023-10-01,6992,2023-12-27,active,usr-517d8cb7,4,5.476310066584494
1,auc-d1c1720e,prod-353fbbf5,strm-8b250404,101.78244746736507,200.70273697339852,2023-12-12,6223,2024-01-01,active,usr-92063100,5,101.78244746736507
1,auc-6864a93f,prod-b648a95f,strm-a2841873,181.15897408758093,242.29565622468874,2023-03-18,3406,2023-12-30,active,usr-3510ce29,4,181.15897408758093
1,auc-6dadf9b7,prod-c2a61ddf,strm-6998a2bc,109.50418737907285,449.46805103927346,2023-12-01,175,2024-01-08,active,usr-071a7f70,0,109.50418737907285
1,auc-d4924e9d,prod-8f36d930,strm-bf3c90d3,151.38759718390912,200.48886674867103,2023-11-17,1601,2024-01-11,pending,usr-36a4f828,3,151.38759718390912
1,auc-18ec8e67,prod-d473b1a6,strm-c321dd43,165.2418721859716,168.302756906284,2023-06-18,2090,2024-01-06,active,usr-6220d0a2,4,165.2418721859716
1,auc-d4c5db33,prod-a342279f,strm-f18fbb1a,74.46466029593971,342.7834612055717,2023-10-31,223,2023-12-09,cancelled,usr-6e413631,1,74.46466029593971
1,auc-8a3d03a0,prod-ae3592bc,strm-8077ecaf,15.969186393584296,180.1802047810822,2023-05-31,5467,2023-11-07,cancelled,usr-e5031a4d,5,15.969186393584296
1,auc-4aa71d0a,prod-f33e2ee0,strm-76886612,179.69436050273188,220.6525736381746,2023-11-18,2898,2023-11-28,cancelled,usr-1a929e70,4,179.69436050273188
1,auc-8e5da76f,prod-1387680d,strm-387ca54a,190.82661261374827,355.66069282187084,2023-04-28,3422,2023-06-21,sold,usr-d3e0d34b,0,190.82661261374827
1,auc-0cfd5bfb,prod-77c44ed8,strm-5e77373a,145.2488886837092,233.28235408363506,2023-03-25,1169,2023-03-26,active,usr-88a50a6e,5,145.2488886837092
1,auc-7e0f6b55,prod-935383a6,strm-72f34b1d,29.59981596936466,226.62963515641934,2023-04-08,4539,2023-10-05,pending,usr-e5031a4d,2,29.59981596936466
1,auc-de1b729b,prod-aaa5b881,strm-f7e6abd9,172.07421561407654,474.64811859938624,2023-03-04,4722,2023-09-14,pending,usr-fa698e22,3,172.07421561407654
1,auc-d300ab6e,prod-743fc6b4,strm-60ce48b1,24.830274684891652,436.9431670914402,2023-09-28,3404,2024-01-13,pending,usr-5c996a68,0,24.830274684891652
1,auc-a0fed041,prod-44651832,strm-df00ef3a,154.34839183889062,303.33413461947436,2023-09-23,1521,2023-09-28,active,usr-155e0ea4,5,154.34839183889062
1,auc-ccdbdb4e,prod-694e1f67,strm-e9763f57,150.45793395593478,396.1563620604812,2023-07-25,4346,2023-09-11,cancelled,usr-d2771e28,1,150.45793395593478
1,auc-2d053330,prod-b71d2ad6,strm-62e7c73f,12.77892421680819,130.22134427649746,2023-11-19,4666,2024-01-14,active,usr-74345855,1,12.77892421680819
1,auc-11be3558,prod-bccc75a2,strm-c3fab07a,101.82927752999294,241.31983636621194,2023-05-17,5174,2023-07-31,sold,usr-735f86d2,3,101.82927752999294
1,auc-39bad75a,prod-9d602411,strm-06f1f783,13.80191823627623,280.3937041782706,2023-10-26,5516,2023-11-08,active,usr-2ed6a909,2,13.80191823627623
1,auc-cf58f6b2,prod-8b9d42c2,strm-1ee129d7,104.63691032624166,317.537627335509,2023-07-23,4551,2023-12-04,pending,usr-c54eea39,0,104.63691032624166
1,auc-87295bc4,prod-f52e384d,strm-29b705b6,25.05325905306467,318.0228255422455,2023-11-26,2144,2024-01-15,pending,usr-cd1d9a17,5,25.05325905306467
1,auc-b72e8102,prod-41849819,strm-e40f0173,3.227617292612817,15.652545823990245,2023-06-02,6704,2023-11-01,pending,usr-67a12ef9,3,3.227617292612817
1,auc-ed1a5c0c,prod-0486689b,strm-b802d12f,170.38315482565673,436.51469110744813,2023-08-12,3580,2023-08-25,cancelled,usr-e45b21c7,0,170.38315482565673
1,auc-3431edc1,prod-92df42af,strm-3f2e5c88,85.4974684052663,339.3332931039736,2023-07-17,4705,2023-07-31,unsold,usr-071a7f70,1,85.4974684052663
1,auc-6ff2d5f6,prod-4ace2447,strm-06f1f783,170.1349822206948,387.87269555014325,2023-09-22,2276,2023-12-29,active,usr-328051d5,3,170.1349822206948
1,auc-f891391d,prod-968a7f30,strm-98a6441c,158.67608855061954,481.54361032420957,2023-12-24,6187,2024-01-01,active,usr-4fcc955c,0,158.67608855061954
1,auc-ee11a755,prod-421b2595,strm-54d118d2,150.38244652921952,430.4029224253351,2023-07-01,130,2023-12-28,pending,usr-cac32514,2,150.38244652921952
1,auc-2e972574,prod-da8e02e8,strm-2e16360a,192.00863943824592,287.3871923572079,2023-05-17,1301,2023-10-25,active,usr-ada8b8bd,0,192.00863943824592
1,auc-715ac17c,prod-692d0c82,strm-9e7d189a,69.21650971394946,374.9542564887068,2023-12-05,3204,2023-12-10,active,usr-2ed6a909,3,69.21650971394946
1,auc-04d32f12,prod-bdd5bc39,strm-8077ecaf,35.480812260819924,190.06566484912463,2023-06-08,2115,2023-11-26,pending,usr-6e82ff08,2,35.480812260819924
1,auc-422d3bdb,prod-9b48e680,strm-3e835b9b,155.9299671347339,399.6439968929472,2023-06-01,3303,2023-12-20,active,usr-bf2a3290,4,155.9299671347339
1,auc-69e50b36,prod-d9f2cbd2,strm-f04c397b,164.6852240125925,492.62055299093737,2023-07-04,4895,2023-09-12,active,usr-b99da0d2,4,164.6852240125925
1,auc-5244aa2c,prod-dc96b100,strm-b71b82d2,80.69739367121183,340.2841346042431,2023-04-11,5642,2023-06-17,active,usr-cb6af303,0,80.69739367121183
1,auc-d9d4788e,prod-f52e384d,strm-691a6e82,67.33983677056115,281.69805165666975,2023-06-09,5016,2023-11-21,active,usr-e2b7c331,2,67.33983677056115
1,auc-c419379f,prod-a913a778,strm-691a6e82,25.85820330654177,464.5152874089662,2023-09-24,5173,2023-12-07,unsold,usr-61e5cada,1,25.85820330654177
1,auc-a6b0f344,prod-8851ad33,strm-a616cfae,124.86170227285943,382.6478989577361,2023-03-14,7136,2023-09-20,active,usr-fab88057,4,124.86170227285943
1,auc-46b80daf,prod-694e1f67,strm-22dd94e0,41.22240167631638,334.9634995981143,2023-10-14,4928,2023-10-15,sold,usr-5e401bb5,2,41.22240167631638
1,auc-6491d7af,prod-ba21094a,strm-00d88b68,12.475581808443946,158.47572109577598,2023-10-01,5494,2023-11-10,unsold,usr-821b5391,2,12.475581808443946
1,auc-e0fde4ad,prod-5789d7ee,strm-3f2e5c88,96.58934464503645,241.45181599487782,2023-12-05,1534,2023-12-17,pending,usr-d8c8071f,2,96.58934464503645
1,auc-821a31ee,prod-b9910d27,strm-3c944e3d,60.008006447616495,345.8986587262679,2023-11-14,5353,2024-01-14,active,usr-0d46edd3,1,60.008006447616495
1,auc-03d67366,prod-511f9daf,strm-d024b12d,133.8386826116046,236.93550502577764,2023-10-01,1543,2023-10-04,sold,usr-4844cb4c,5,133.8386826116046
1,auc-f1bf423c,prod-6a66a2de,strm-46a035d7,162.4213282059808,494.68353618363875,2023-04-26,3200,2023-07-31,pending,usr-52ed6704,2,162.4213282059808
1,auc-3635f0ff,prod-f84c68c5,strm-0f2b3668,38.875186751694464,326.77690691846664,2023-08-09,1381,2023-11-27,active,usr-be6fc7ae,3,38.875186751694464
1,auc-df7b1b6d,prod-4f682000,strm-e3944f00,121.1335216999167,305.0419766802666,2023-11-03,356,2023-12-03,sold,usr-4844cb4c,5,121.1335216999167
1,auc-6d94e59b,prod-5f788def,strm-34799828,170.9923875265745,429.291780385871,2023-09-04,4655,2023-11-21,active,usr-735f86d2,1,170.9923875265745
1,auc-16b214e0,prod-2a29db4a,strm-15519156,93.27551805527837,495.83479065690494,2023-05-09,724,2023-06-09,unsold,usr-07f9ef77,0,93.27551805527837
1,auc-0f003166,prod-63344a27,strm-6fb122b0,18.077041076966,95.29268523975315,2023-08-11,1784,2023-10-18,active,usr-088dfa4d,4,18.077041076966
1,auc-e583335c,prod-d8f2cc20,strm-29ff15d3,62.75955946829601,163.51673972104484,2023-12-21,1171,2023-12-23,pending,usr-ada8b8bd,2,62.75955946829601
1,auc-d151882e,prod-d10982cd,strm-72f34b1d,180.23447855662036,321.16535152519896,2023-06-19,2014,2023-12-16,pending,usr-6bf4b8bb,4,180.23447855662036
1,auc-e97a7477,prod-c11ee98f,strm-cc17fd58,120.16527030905442,340.16742126406797,2023-04-30,1110,2023-09-30,pending,usr-71cfa548,5,120.16527030905442
1,auc-5b394e7f,prod-1387680d,strm-f5a96029,70.40836439557835,491.8062267267022,2023-03-09,5287,2023-08-29,pending,usr-2e012f50,0,70.40836439557835
1,auc-b25d4e72,prod-59874931,strm-a0731f8b,91.1879411451559,400.94792850953405,2023-08-18,2618,2023-09-03,pending,usr-31eb8775,1,91.1879411451559
1,auc-46b219d6,prod-52f60e2e,strm-5bb4196f,21.0628903255425,262.0250279734655,2023-03-10,4151,2023-09-07,sold,usr-fb2463d4,4,21.0628903255425
1,auc-c41de0dc,prod-abff3cf3,strm-51a56e9d,64.71093342926828,401.52521812441313,2023-05-03,3577,2023-06-20,unsold,usr-dc3053e9,4,64.71093342926828
1,auc-418902fc,prod-97ec5dcb,strm-8cb05d44,75.48561189618492,246.58110765222546,2023-10-16,5504,2023-11-15,pending,usr-32af39e8,4,75.48561189618492
1,auc-0a0700b9,prod-f4adeb29,strm-60d1681b,167.0056827240696,287.70577271975134,2023-04-28,6152,2023-12-12,cancelled,usr-6aee717e,2,167.0056827240696
1,auc-e0e50a97,prod-6ec120e1,strm-aac0a258,195.51931992028807,305.69756367571847,2023-12-05,6840,2023-12-27,sold,usr-14b7ede9,5,195.51931992028807
1,auc-f4669634,prod-e3126a2a,strm-d1122dc7,195.07958568521494,216.59268610862233,2023-07-20,3809,2023-11-15,sold,usr-30f3e70f,1,195.07958568521494
1,auc-707f049f,prod-44d48293,strm-d4881912,57.89514920810485,99.84192258528546,2023-07-20,1959,2023-08-25,pending,usr-63139c4c,5,57.89514920810485
1,auc-5086c1a9,prod-9028d738,strm-f566947e,185.47328313004905,446.8177469301811,2023-08-06,5073,2023-08-17,sold,usr-63139c4c,3,185.47328313004905
1,auc-413c9d0c,prod-d10982cd,strm-3096dc50,80.1087085831606,186.69556083424214,2023-09-25,4769,2024-01-11,pending,usr-4c23df88,3,80.1087085831606
1,auc-54320fb6,prod-bad0093a,strm-6ec2886c,57.35878152083334,334.1756598809939,2023-07-05,2415,2023-08-10,unsold,usr-ada8b8bd,3,57.35878152083334
1,auc-94731401,prod-15ff73d5,strm-58d7fe81,10.192498015029004,320.116800409453,2023-05-04,2656,2023-10-21,active,usr-02738a4f,2,10.192498015029004
1,auc-1428e6a2,prod-fffc638b,strm-a68c53c8,18.32550676689855,231.0730951021011,2023-06-12,2854,2023-12-12,pending,usr-909115fd,2,18.32550676689855
1,auc-0fe71356,prod-b3d611a6,strm-52725ceb,96.4457543714806,357.2192992970078,2023-03-15,1947,2023-05-30,active,usr-8d8c58bc,4,96.4457543714806
1,auc-4ff9c7ee,prod-94d9522d,strm-12ee6107,31.31630374890213,292.2721395206065,2023-12-22,5168,2023-12-30,pending,usr-088dfa4d,4,31.31630374890213
1,auc-4db7d6e8,prod-0e9b1f1d,strm-15519156,33.70929369882155,88.89091062591724,2023-11-20,6978,2023-12-25,pending,usr-328051d5,2,33.70929369882155
1,auc-7680e1d4,prod-9926493a,strm-00d88b68,59.42777522624388,121.36027331669167,2023-04-18,2869,2023-10-03,pending,usr-2a743762,0,59.42777522624388
1,auc-cd6b5358,prod-5a354567,strm-76bb8c1f,191.17100519965427,495.36866086398066,2023-11-06,5309,2023-12-30,cancelled,usr-bc7470b9,1,191.17100519965427
1,auc-36f8b94a,prod-4a2c06a5,strm-274eecc3,171.11472696436317,235.61502807314173,2023-08-25,5457,2024-01-05,pending,usr-f2bbf589,1,171.11472696436317
1,auc-43bd7a6e,prod-5ecfac5c,strm-023de01a,24.760286776112874,278.3015015913893,2023-07-20,5239,2023-11-14,cancelled,usr-2ed6a909,3,24.760286776112874
1,auc-9e4c6cf8,prod-e2b2087e,strm-34799828,3.026120870160687,314.882741426303,2023-09-21,2884,2023-10-27,sold,usr-fea421ca,1,3.026120870160687
1,auc-6aef49ee,prod-ab7ad985,strm-38efb685,146.7159520198256,479.3177983917945,2023-09-29,243,2023-11-13,pending,usr-f7eae2a6,5,146.7159520198256
1,auc-d89378f3,prod-094e2b7f,strm-b3226b26,33.85702364201326,87.62805056281057,2023-03-18,3121,2023-04-05,active,usr-b481aa61,2,33.85702364201326
1,auc-25cf5e73,prod-42c4e422,strm-3392a92a,97.6115918311028,389.9324998715136,2023-11-24,4795,2023-12-08,pending,usr-c968c375,3,97.6115918311028
1,auc-3eae10b8,prod-628c260f,strm-62e7c73f,133.1491070043007,290.19229108320513,2023-05-01,3874,2023-09-01,sold,usr-df56e82a,4,133.1491070043007
1,auc-bcdbf6c2,prod-20ec6306,strm-3719a50e,1.4616332818165425,196.24459927247673,2023-07-14,3843,2023-12-09,active,usr-c7722b72,4,1.4616332818165425
1,auc-a8f885a7,prod-e398bbd3,strm-2c80f6e7,169.14242670884468,232.8398890062519,2023-03-10,3633,2023-10-07,pending,usr-e42c8b9d,4,169.14242670884468
1,auc-ec311ec9,prod-097008d4,strm-4046a846,61.610320290840555,177.89708449286388,2023-05-14,4868,2023-05-15,active,usr-dad43a58,2,61.610320290840555
1,auc-53c988c5,prod-d8c6349b,strm-387ca54a,75.66735252711767,129.0683736929557,2023-08-22,4846,2023-12-13,active,usr-edd1e48e,2,75.66735252711767
1,auc-5aa47a3d,prod-5eb5ab98,strm-b726249b,167.14320196070722,405.5088916433259,2023-05-24,2134,2024-01-08,active,usr-fe88e05a,5,167.14320196070722
1,auc-50be10cd,prod-f7307b30,strm-ce12218b,144.12012360025543,155.4870079525045,2023-06-02,5226,2023-10-21,unsold,usr-b2e46dab,4,144.12012360025543
1,auc-779e8c11,prod-4f2f1d9d,strm-cbc56ed8,106.58842264179145,498.9802461829844,2023-11-02,936,2023-12-08,sold,usr-02d28016,3,106.58842264179145
1,auc-bd553d6b,prod-3d4b6310,strm-42bfed8f,168.99715344786802,407.6596270254391,2023-11-09,5679,2023-12-22,active,usr-e801fcd0,1,168.99715344786802
1,auc-947370fb,prod-06e394b3,strm-a9897861,159.72339627112316,333.94909289834106,2023-06-24,3168,2023-12-25,unsold,usr-38bf583d,1,159.72339627112316
1,auc-5e1d05a4,prod-e29662ec,strm-ee70dbae,59.20493964671685,64.26121800982719,2023-04-15,2969,2023-08-24,pending,usr-fb745be4,3,59.20493964671685
1,auc-7178e200,prod-f8be33ff,strm-2251ce90,130.26461181143472,192.67144775397605,2023-06-17,3878,2023-10-14,pending,usr-2605b31d,2,130.26461181143472
1,auc-ff7306ab,prod-dc96b100,strm-45ee6808,77.88814138872024,196.81934438136412,2023-09-22,2260,2024-01-06,sold,usr-86dc3cfe,1,77.88814138872024
1,auc-cc688f3d,prod-dc6b295b,strm-2cd13f2e,111.53879156424979,118.45927389596018,2023-05-17,1565,2023-11-04,pending,usr-e586ad9a,4,111.53879156424979
1,auc-bef3f541,prod-2e98408f,strm-df00ef3a,71.15453518080126,146.85045293652433,2023-12-30,4136,2023-12-31,pending,usr-9ccd6726,3,71.15453518080126
1,auc-f3e072b2,prod-0762c5e9,strm-a19c0677,11.097352003222843,190.4658578502828,2023-06-24,7098,2024-01-05,active,usr-a6d2a550,3,11.097352003222843
1,auc-de992efc,prod-5525afac,strm-5bf158f3,115.06866268831682,425.851416601905,2023-09-20,5521,2024-01-03,active,usr-befc4464,4,115.06866268831682
1,auc-f7e899c4,prod-0332aaa8,strm-7d728950,113.23030450201685,455.82356272121785,2023-12-10,2103,2023-12-30,unsold,usr-60f4ad6c,2,113.23030450201685
1,auc-d67c17e7,prod-780b9a67,strm-9386c0ae,13.535662250274468,36.61187379332702,2023-03-15,5309,2023-12-25,active,usr-bc7470b9,1,13.535662250274468
1,auc-08201d7c,prod-772cccc3,strm-a0731f8b,198.4517424272885,432.21659915091163,2023-11-24,2308,2023-12-13,pending,usr-09786814,1,198.4517424272885
1,auc-65a0dd72,prod-433e6d29,strm-3fd2c86b,126.81899542246431,404.7454425475868,2023-12-20,3400,2024-01-14,active,usr-eb4d1c0e,1,126.81899542246431
1,auc-aee162b4,prod-c62ad898,strm-2f37334a,23.565472656672863,380.35079036303614,2023-05-08,2009,2023-05-15,pending,usr-e5031a4d,2,23.565472656672863
1,auc-fc15288f,prod-6c512e84,strm-34e43319,160.5682779350731,347.4575422287597,2023-06-18,7084,2024-01-13,sold,usr-f24a47be,1,160.5682779350731
1,auc-b62bf665,prod-f872ac32,strm-d57c5fc2,57.013868197915066,392.64310879925364,2023-09-27,2746,2023-10-07,pending,usr-7d1ac601,2,57.013868197915066
1,auc-58c4dafe,prod-99899202,strm-3759b269,163.0970029193598,293.97016222157066,2023-12-06,590,2024-01-15,active,usr-2ed6a909,5,163.0970029193598
1,auc-e0aafb9f,prod-112adae9,strm-967bda42,114.86197154952974,259.69645927199815,2023-05-19,106,2023-07-25,active,usr-9451dee1,4,114.86197154952974
1,auc-2ac2d477,prod-9902beed,strm-5d409a3a,130.0133507141785,304.52520746523436,2023-08-12,131,2023-10-24,active,usr-ea9dc933,1,130.0133507141785
1,auc-e44d914a,prod-566c9daf,strm-eb56c52f,174.50261616800967,406.45427735765094,2023-07-22,2123,2023-12-04,active,usr-82895527,1,174.50261616800967
1,auc-c45919f4,prod-73f1e929,strm-9cbc29c3,199.43719512032695,203.86312773174438,2023-04-03,1472,2023-11-26,sold,usr-2e90f097,3,199.43719512032695
1,auc-1323ff6d,prod-e8129c74,strm-9f13281e,101.58537080949206,145.95757888938294,2023-08-30,1455,2023-09-09,unsold,usr-1a929e70,4,101.58537080949206
1,auc-20a24e0a,prod-65a71d64,strm-aac0a258,148.68589636412545,456.7336358164444,2023-09-08,3362,2023-09-27,cancelled,usr-576c011d,2,148.68589636412545
1,auc-7879faba,prod-c894557d,strm-274eecc3,57.81790130693545,327.205473270331,2023-11-05,5627,2023-11-07,unsold,usr-43d993dc,4,57.81790130693545
1,auc-9598dbc9,prod-2af8f1f5,strm-fad5731f,164.08647454422405,385.74609574395356,2023-09-06,982,2023-11-21,cancelled,usr-71cfa548,4,164.08647454422405
1,auc-a3a81799,prod-a4769556,strm-d024b12d,15.952590454907677,383.59035860008356,2023-07-31,7072,2023-11-11,pending,usr-3de4f1ea,2,15.952590454907677
1,auc-1fc25d5c,prod-5e9d9b55,strm-c344340d,150.40340555920162,278.3402746935348,2023-05-30,1127,2023-11-26,pending,usr-4c8d32fd,0,150.40340555920162
1,auc-26452113,prod-247c431c,strm-c9bb6a1a,188.75304317117752,426.69715915395443,2023-12-07,3136,2024-01-07,sold,usr-514ccdaf,5,188.75304317117752
1,auc-f65ba89a,prod-a342279f,strm-61411431,78.4436141882678,427.98652432169513,2023-03-30,3062,2023-04-14,active,usr-f92f9c4d,1,78.4436141882678
1,auc-b884b455,prod-612d2d9a,strm-9467782e,117.59081886869332,471.9061937162747,2023-07-03,3792,2023-09-17,unsold,usr-a6b25129,4,117.59081886869332
1,auc-0ecb5479,prod-9b48e680,strm-baa21c4f,66.7276401546971,494.0771408739976,2023-07-17,824,2023-09-25,pending,usr-1924b5ec,1,66.7276401546971
1,auc-170da3da,prod-b44600e0,strm-b61db30c,132.1901877669355,488.1357200170894,2023-06-09,6890,2023-07-10,active,usr-25d26aa6,2,132.1901877669355
1,auc-5f85ebf9,prod-6d95b717,strm-b726249b,157.32768903716166,372.86575566934926,2023-09-26,3789,2023-10-21,sold,usr-95ed7f31,2,157.32768903716166
1,auc-3733c38d,prod-2762959c,strm-d324695a,10.979316286296234,379.7744441967756,2023-09-08,99,2023-12-09,pending,usr-dc3053e9,1,10.979316286296234
1,auc-2553a15c,prod-1cbe43fd,strm-06f1f783,135.59882407741793,260.3901806945018,2023-03-24,5631,2023-10-28,active,usr-69eba04a,3,135.59882407741793
1,auc-393b63f2,prod-03476f0a,strm-9497fa61,36.09398107187605,361.81296158391615,2023-07-05,3152,2023-10-06,unsold,usr-df040af4,1,36.09398107187605
1,auc-62bea23c,prod-ced69a2b,strm-dd017ac7,117.09196917143501,222.82885696137234,2023-07-27,4178,2023-08-03,active,usr-0bc75854,3,117.09196917143501
1,auc-c7bd92c9,prod-93f34fee,strm-f9e41ad4,6.284061331401928,448.4862637248948,2023-08-09,6328,2023-11-18,unsold,usr-0597d68f,4,6.284061331401928
1,auc-e8edeb6d,prod-d1315a09,strm-eb56c52f,45.834411073170386,62.917327279501066,2023-03-08,3935,2023-10-12,active,usr-1babf2b8,3,45.834411073170386
1,auc-f587e252,prod-8db7dbe3,strm-b9cc06d3,120.93930286188095,484.5145950218051,2023-08-15,3087,2023-10-04,cancelled,usr-612d455a,1,120.93930286188095
1,auc-34dac54e,prod-72e47a0c,strm-fd99e945,144.98894793247305,203.47379319544598,2023-04-22,2443,2023-07-14,active,usr-1ba9dbd6,2,144.98894793247305
1,auc-56021f97,prod-3fbb3d49,strm-6b59edf7,29.974306610942975,488.59805033759625,2023-08-22,6260,2023-11-05,active,usr-b4cc6812,1,29.974306610942975
1,auc-c361a406,prod-bd80f256,strm-d3636305,110.6870998017152,476.31943454334146,2023-10-14,397,2023-10-30,active,usr-d86bbc87,1,110.6870998017152
1,auc-a17a5f30,prod-1e9e3c48,strm-626e9808,156.0566391640469,439.32213760512195,2023-11-14,697,2023-12-04,active,usr-fb3e9623,4,156.0566391640469
1,auc-5adb43a8,prod-4a2c06a5,strm-9b4714c9,66.20929439974745,258.25401608116624,2023-10-02,2613,2023-12-28,active,usr-67a12ef9,3,66.20929439974745
1,auc-828601bc,prod-62e270dd,strm-dc7e18e4,75.08753442679362,225.49060880043356,2023-09-03,5594,2023-10-12,sold,usr-2a743762,3,75.08753442679362
1,auc-88e22887,prod-b71f328d,strm-dd017ac7,84.65106949363162,365.81999351990567,2023-06-09,5290,2023-09-28,pending,usr-82895527,4,84.65106949363162
1,auc-1b21c2ec,prod-5846d606,strm-63d4afad,141.52166184993968,479.28233874998904,2023-04-28,3231,2023-06-11,cancelled,usr-a86828e6,0,141.52166184993968
1,auc-95e1ee93,prod-61298fb3,strm-3b5c2707,77.05961631346119,393.975437287743,2023-07-25,475,2023-10-19,pending,usr-88503b23,1,77.05961631346119
1,auc-a6297754,prod-c62ad898,strm-eb0e64ca,15.389198993979978,494.1812219616502,2023-03-25,3415,2023-10-27,pending,usr-f2bbf589,0,15.389198993979978
1,auc-80c326e9,prod-2bf4144f,strm-029e4982,134.11064493685438,422.0490513087526,2023-12-20,5426,2023-12-25,active,usr-a1a37788,5,134.11064493685438
1,auc-104a43de,prod-d5c39be1,strm-c9bb6a1a,90.45079368603704,198.2272719393916,2023-04-28,1703,2023-09-15,pending,usr-f01d6a7e,1,90.45079368603704
1,auc-5f4c16e4,prod-a8d078fc,strm-538c4121,31.753387949230838,221.72205922591303,2023-09-28,2799,2023-11-06,active,usr-5b0e70e3,4,31.753387949230838
1,auc-3051cb83,prod-3eacefdf,strm-f0d4bcae,158.9105845916358,369.0147936991642,2023-03-10,2095,2023-07-21,pending,usr-9a015d8e,5,158.9105845916358
1,auc-6bd65bd0,prod-1c725e2f,strm-274eecc3,19.254028784701955,210.4466852485876,2023-06-06,1948,2023-08-13,active,usr-c7722b72,5,19.254028784701955
1,auc-bdae1710,prod-f4f66456,strm-141d3b89,33.02413647715442,335.3179175465377,2023-03-16,5502,2024-01-11,pending,usr-88503b23,3,33.02413647715442
1,auc-e4755a04,prod-d80e345f,strm-2251ce90,125.7565564590807,391.55725083557763,2023-08-11,550,2023-09-14,unsold,usr-46ca183c,3,125.7565564590807
1,auc-9677d5b1,prod-bae9c15d,strm-62a7a9b2,187.09547223914112,383.19894278416086,2023-05-21,6349,2024-01-14,active,usr-36a4f828,3,187.09547223914112
1,auc-3d3d2de8,prod-3711ba72,strm-e5c916d1,126.93339872105028,293.74848099940516,2023-06-29,1998,2023-10-09,active,usr-f434518c,0,126.93339872105028
1,auc-9ab1db47,prod-dece3136,strm-cf754d74,55.611131498244845,454.71953066400016,2023-07-01,3906,2023-10-15,active,usr-5f872e95,1,55.611131498244845
1,auc-6b3e1e25,prod-bad0093a,strm-853f473b,3.5677192004314744,400.5756595979999,2023-10-16,1583,2023-11-10,active,usr-97228f9f,2,3.5677192004314744
1,auc-20e8011d,prod-e6c6b09f,strm-1e3eda21,41.34532100080658,275.7966009746553,2023-08-15,2869,2023-08-23,cancelled,usr-08dbe213,2,41.34532100080658
1,auc-c76cf77b,prod-99899202,strm-21c9aec6,95.87774549464532,190.62840704370595,2023-09-12,4904,2023-10-08,active,usr-3558bbdd,1,95.87774549464532
1,auc-bec84e6f,prod-cc02586b,strm-1eca6d2f,60.748014205280896,193.38991032489244,2023-07-05,5850,2023-09-14,active,usr-1930f74a,2,60.748014205280896
1,auc-a93776f5,prod-db202002,strm-60d1681b,7.552779380302253,399.70915506862883,2023-03-28,4313,2023-12-29,active,usr-85fcbd72,1,7.552779380302253
1,auc-459fa35a,prod-262d029f,strm-471ae7a7,149.26444649775033,402.751590700791,2023-03-24,7118,2023-08-22,active,usr-be6fc7ae,1,149.26444649775033
1,auc-084c6453,prod-3eacefdf,strm-52725ceb,31.32011563340156,376.6212937424691,2023-03-20,1241,2023-09-16,pending,usr-ca983da7,4,31.32011563340156
1,auc-443285b8,prod-803c1fb5,strm-fc056caf,139.71097441380923,360.9308506145307,2023-05-31,296,2023-11-17,cancelled,usr-5dbbd189,4,139.71097441380923
1,auc-299144f1,prod-a4769556,strm-0c50aec6,163.63133950597347,373.42930623327476,2023-06-17,3330,2023-08-01,unsold,usr-071a7f70,0,163.63133950597347
1,auc-58dab145,prod-2b197764,strm-a1ea70e1,65.8409630505341,304.2539352462626,2023-11-06,819,2023-11-21,active,usr-fea421ca,3,65.8409630505341
1,auc-c71fa2ee,prod-deb57f09,strm-ed63eac9,142.20977776258016,341.41554543998967,2023-08-26,6951,2023-11-15,pending,usr-856200aa,2,142.20977776258016
1,auc-5801818b,prod-c871d7d8,strm-22dd94e0,113.89784891441988,456.34513961104005,2023-03-10,3893,2023-05-11,pending,usr-2a743762,1,113.89784891441988
1,auc-e8861fc3,prod-59874931,strm-ec548f81,2.399789688430345,195.42741810497228,2023-03-22,2126,2023-11-29,unsold,usr-2a743762,4,2.399789688430345
1,auc-c4692d66,prod-d1019843,strm-150d1cde,170.37551422198328,182.55599529553717,2023-11-29,2537,2023-12-18,active,usr-f2bbf589,0,170.37551422198328
1,auc-2d8b0a5e,prod-ec88d497,strm-e400f808,88.94426991483925,372.45889090378284,2023-11-16,2173,2024-01-15,active,usr-a24b7d55,0,88.94426991483925
1,auc-f44dab76,prod-0332aaa8,strm-08b9d7b5,173.02049070113637,191.6928025130231,2023-06-12,4610,2023-10-25,cancelled,usr-b2e46dab,1,173.02049070113637
1,auc-d7c7edca,prod-433e6d29,strm-567d9295,70.32655797084422,414.1793786316059,2023-12-31,7013,2024-01-01,active,usr-c0107131,1,70.32655797084422
1,auc-fc6bbac9,prod-93f34fee,strm-77dab2ec,184.30176161548275,224.19251679787413,2023-05-03,816,2023-05-21,pending,usr-09010cf1,4,184.30176161548275
1,auc-5c0a89e9,prod-5e640a00,strm-4133bd19,104.97021772941612,306.78771558602875,2023-03-22,3362,2023-11-18,pending,usr-76b3deed,4,104.97021772941612
1,auc-51b9b898,prod-a9afa40d,strm-58d7fe81,115.61855576384903,170.67336533311817,2023-07-06,4840,2023-10-04,pending,usr-60f4ad6c,3,115.61855576384903
1,auc-c08af246,prod-3b27e5eb,strm-df00ef3a,128.56539440154884,209.88766105590412,2023-11-22,2723,2024-01-02,active,usr-41ba2370,4,128.56539440154884
1,auc-94ab8d01,prod-745c0afd,strm-5d28afaf,156.87486924126904,237.35059498272165,2023-12-29,6702,2024-01-03,active,usr-e42c8b9d,4,156.87486924126904
1,auc-8b92c0ce,prod-4a2c06a5,strm-3fd2c86b,176.1437067601635,466.529692336375,2023-06-03,436,2023-12-28,active,usr-a3b72ece,2,176.1437067601635
1,auc-5b817ff0,prod-6d9b5969,strm-051076ac,13.849817883840783,160.350353127299,2023-03-09,4624,2023-11-19,pending,usr-d59cad8a,0,13.849817883840783
1,auc-00551afe,prod-e064a277,strm-238906f2,84.11545793268272,331.1087763696106,2023-11-10,2164,2023-12-11,active,usr-4c23df88,0,84.11545793268272
1,auc-ef3894aa,prod-b2bbf0c9,strm-5d28afaf,49.86263553282744,364.3757081403378,2023-10-30,6895,2023-12-14,unsold,usr-8b3c0733,5,49.86263553282744
1,auc-e1f6415e,prod-c75bbef0,strm-8b3938c8,148.3565471056799,347.033614678082,2023-12-05,4257,2023-12-26,sold,usr-704ef4e0,1,148.3565471056799
1,auc-695e228e,prod-457d8481,strm-e88e83c1,108.83503959793534,270.59244336944755,2023-09-08,986,2023-12-06,sold,usr-ddaf1c0b,3,108.83503959793534
1,auc-b8c030e5,prod-e58dab2c,strm-6ec2886c,68.88798220097108,383.99887687723043,2023-03-15,2018,2023-05-21,sold,usr-9200cd48,1,68.88798220097108
1,auc-a7e6b64e,prod-b71d2ad6,strm-c5ec244d,89.41043225151539,322.1408552259827,2023-08-10,4477,2023-10-21,active,usr-03e9a3ba,1,89.41043225151539
1,auc-f90495db,prod-422b553d,strm-2c80f6e7,2.1329868706175454,220.69701063464885,2023-03-31,6125,2023-07-16,active,usr-fece1b7c,0,2.1329868706175454
1,auc-87abb795,prod-8d3e9993,strm-4e549421,182.609935501697,366.5960277856398,2023-10-05,6087,2023-10-21,sold,usr-32956dda,1,182.609935501697
1,auc-12e1cf28,prod-59874931,strm-939f69bd,74.6244802706114,122.0325549676306,2023-04-06,3920,2023-12-18,pending,usr-44d7c355,4,74.6244802706114
1,auc-dd934e0e,prod-8de9d6d5,strm-a956607f,109.40463784669073,184.15981507232812,2023-10-19,2230,2023-12-07,active,usr-ea9dc933,0,109.40463784669073
1,auc-9ea81fee,prod-566c9daf,strm-1ea4e429,111.23266977615346,276.65425818314077,2023-09-19,6542,2023-12-14,sold,usr-6e82ff08,2,111.23266977615346
1,auc-d73d5478,prod-e8129c74,strm-284201f1,90.1869771062179,324.55610934593676,2023-07-15,5858,2023-12-05,pending,usr-36a4f828,1,90.1869771062179
1,auc-567f5742,prod-1e9e3c48,strm-967bda42,186.08968166040577,346.68211993601483,2023-08-01,716,2023-08-24,cancelled,usr-071a7f70,1,186.08968166040577
1,auc-8428a438,prod-e753468d,strm-d8c48340,157.37547291084894,187.72877504072957,2023-07-20,5413,2023-11-22,pending,usr-32956dda,4,157.37547291084894
1,auc-f5e1ca2d,prod-c2a61ddf,strm-8077ecaf,49.67897655744793,480.63210513726915,2024-01-01,5254,2024-01-04,cancelled,usr-1babf2b8,3,49.67897655744793
1,auc-9fcefa0f,prod-e2b2087e,strm-72f34b1d,101.28245646448885,201.73295021228262,2023-04-29,4156,2023-07-24,pending,usr-cf7d3a7b,3,101.28245646448885
1,auc-2437dd5e,prod-0006ac1e,strm-f566947e,15.558319172344957,412.3208302044561,2023-06-28,3532,2023-07-17,active,usr-567871a3,1,15.558319172344957
1,auc-63b9c9d7,prod-c68762e4,strm-051076ac,18.353939321405853,433.0464801534346,2023-09-30,1654,2023-12-24,active,usr-28ae7fc8,3,18.353939321405853
1,auc-97504ef6,prod-ee250c35,strm-1ee129d7,33.700365220406425,434.8776195621638,2023-03-31,928,2023-04-26,active,usr-514ccdaf,1,33.700365220406425
1,auc-099d2168,prod-9b4f3be7,strm-a616cfae,16.180808005777763,353.28243849012216,2023-12-11,6048,2023-12-23,sold,usr-4d664edc,0,16.180808005777763
1,auc-9f4c385f,prod-7a1787e2,strm-39e71b6e,178.1616343010633,491.0314150345278,2023-11-10,782,2023-12-25,unsold,usr-fcd5ab19,4,178.1616343010633
1,auc-6d1c934f,prod-094e2b7f,strm-c70d4b77,176.29216737835455,342.8059105307376,2023-08-09,422,2023-11-29,sold,usr-ca983da7,2,176.29216737835455
1,auc-e3b4906e,prod-ff05cfba,strm-0b94b8a8,147.72504364351775,398.8435598139822,2023-05-06,6583,2023-11-20,pending,usr-1a64f9e8,2,147.72504364351775
1,auc-80aaddd1,prod-93f34fee,strm-5d705a2c,36.744510989725654,370.88280203100896,2023-09-27,4041,2023-12-28,pending,usr-b2c9fd41,4,36.744510989725654
1,auc-9c78f716,prod-9d602411,strm-1e3eda21,92.43264796825586,132.42342549550239,2023-10-22,7019,2023-10-24,pending,usr-0dbca433,3,92.43264796825586
1,auc-f7e86d1f,prod-92df42af,strm-b726249b,14.579351017295586,273.29819809938414,2023-04-10,4917,2023-12-09,pending,usr-0924ca48,1,14.579351017295586
1,auc-604dd524,prod-244f586d,strm-f3621f48,173.93045939070214,226.4471215174056,2023-09-30,4667,2023-10-24,pending,usr-b481aa61,2,173.93045939070214
1,auc-0a2571bd,prod-7a39f6ec,strm-e4e1dbe5,27.26992006804378,376.1164971500894,2023-09-09,2844,2023-11-13,pending,usr-517d8cb7,1,27.26992006804378
1,auc-c1bc7d3c,prod-52f7b290,strm-0b94b8a8,180.22514999031,473.212583863566,2023-07-26,5560,2023-12-23,active,usr-954b130f,5,180.22514999031
1,auc-52e0b9b7,prod-6a7342fc,strm-43c18dae,166.0196098752877,373.1213521329122,2023-06-02,6621,2023-07-15,active,usr-f66ba022,2,166.0196098752877
1,auc-130f6b40,prod-262d029f,strm-9cbc29c3,128.3462854639514,324.9136504925594,2023-04-12,3294,2023-11-13,active,usr-6e82ff08,2,128.3462854639514
1,auc-882a8819,prod-91454ffe,strm-2a3381cd,8.984324532536158,430.89219859761937,2023-12-01,5594,2023-12-25,active,usr-3d951e61,3,8.984324532536158
1,auc-35d8727c,prod-9e626549,strm-5e77373a,131.25688105938184,365.70669869993577,2023-06-26,2593,2023-11-18,cancelled,usr-bccff7e3,4,131.25688105938184
1,auc-6307dc22,prod-8d3e9993,strm-853f473b,182.93815804892765,204.0550541732838,2023-10-18,1411,2023-10-30,active,usr-51283925,4,182.93815804892765
1,auc-b4d904f3,prod-17380c1c,strm-e3944f00,62.30829006781138,74.12515709422773,2023-06-18,363,2023-07-28,sold,usr-4e0d240a,2,62.30829006781138
1,auc-db4256ba,prod-b0e83b8c,strm-d4881912,184.43249339203015,406.5987275764104,2023-08-09,1192,2023-11-12,pending,usr-30f3e70f,3,184.43249339203015
1,auc-a3a9c3d0,prod-6910721d,strm-853f473b,75.2336112734389,481.23416189787594,2023-05-29,4664,2023-12-20,active,usr-5b0a7894,5,75.2336112734389
1,auc-d3bfe267,prod-bfb15b4d,strm-f0d62c81,143.20871351699887,153.7323189362155,2023-05-07,288,2023-07-01,active,usr-d2771e28,2,143.20871351699887
1,auc-720e050c,prod-47e73109,strm-e3944f00,173.61915318997967,432.4124957879657,2023-10-01,5871,2023-12-04,active,usr-cd2f2ec2,3,173.61915318997967
1,auc-8cdb1ba3,prod-4a12f855,strm-70f2bb16,126.17592905317416,451.552092768999,2023-10-27,2545,2023-10-29,active,usr-863f94f9,2,126.17592905317416
1,auc-656bd187,prod-761f077f,strm-d1122dc7,92.8293102847978,444.88509187770217,2023-06-15,1592,2023-07-09,sold,usr-28ae7fc8,0,92.8293102847978
1,auc-152a8bc1,prod-c1f1235f,strm-21c9aec6,85.91586736943077,228.40996787977446,2023-12-08,2901,2023-12-29,active,usr-e47c0c12,1,85.91586736943077
1,auc-2d19bfdc,prod-321bac1d,strm-f78b2c9e,120.90935377843446,349.447406262368,2023-11-27,483,2023-12-24,sold,usr-606088bf,2,120.90935377843446
1,auc-09333481,prod-ae87c23b,strm-e4e1dbe5,169.23457949422294,275.6739205186888,2023-09-20,1492,2024-01-01,sold,usr-eec74cf5,4,169.23457949422294
1,auc-6c9f1c55,prod-e753468d,strm-4d15f124,147.26545026976115,399.8694468574802,2023-08-17,963,2024-01-07,active,usr-e18a7b96,3,147.26545026976115
1,auc-0aad732c,prod-d589e3fc,strm-4d15f124,27.450888141793772,281.8584104300622,2023-09-30,3394,2023-11-20,pending,usr-b63421a7,1,27.450888141793772
1,auc-db81d193,prod-0454f016,strm-168e74e0,63.34811240166243,401.88948343021946,2023-06-28,115,2023-08-27,pending,usr-fab88057,3,63.34811240166243
1,auc-10c5ad6f,prod-316f52aa,strm-8bffbace,177.43107267007946,266.5711167352397,2023-11-18,3639,2023-12-11,active,usr-802cad2b,2,177.43107267007946
1,auc-a4769cbe,prod-30b12c1e,strm-2213d44b,153.86129532891275,191.8011202022067,2023-10-31,2444,2023-11-04,sold,usr-f04c75d7,0,153.86129532891275
1,auc-2346ee0b,prod-65acd316,strm-dd017ac7,110.10466309919902,398.5063753416624,2023-12-30,6947,2024-01-06,cancelled,usr-0924ca48,4,110.10466309919902
1,auc-fa0053d6,prod-968a7f30,strm-8bffbace,42.28181600506927,46.027695585376655,2023-05-10,243,2023-06-04,active,usr-d8642140,2,42.28181600506927
1,auc-97b6e298,prod-a1523ac3,strm-8e5850c2,37.71959956881517,395.33637240524587,2023-07-31,2672,2023-09-23,pending,usr-071a7f70,1,37.71959956881517
1,auc-eefdb0b3,prod-2e92da2d,strm-a5fafd5b,145.31552755865664,269.38638008636724,2023-05-25,7025,2023-10-22,active,usr-2ea2e4ca,3,145.31552755865664
1,auc-61b56b1c,prod-ea3879ca,strm-77dab2ec,114.70438467442169,383.2173969366,2023-11-22,6551,2023-12-01,pending,usr-f89eca00,2,114.70438467442169
1,auc-ae4ce3f1,prod-61da453d,strm-f9e41ad4,150.87584151642594,445.01297513320355,2023-09-13,6867,2023-10-01,pending,usr-fab88057,5,150.87584151642594
1,auc-3442f987,prod-847844d8,strm-9386c0ae,97.18182932300836,146.38786886174336,2023-03-17,1427,2024-01-03,pending,usr-b2c9fd41,3,97.18182932300836
1,auc-2632e0d7,prod-f4f6e3a3,strm-15f13f10,64.1686650099266,302.42023790286,2023-05-25,4179,2023-11-23,pending,usr-9dbd8bc7,0,64.1686650099266
1,auc-fd387590,prod-0e6f1bc1,strm-fd8cee7e,172.1582159211288,439.93285304048976,2023-03-23,2061,2023-11-04,pending,usr-044499b1,1,172.1582159211288
1,auc-97270009,prod-f934a0cf,strm-360f02df,189.44584025931894,290.00307006925783,2023-03-28,5916,2023-10-30,sold,usr-c3134135,3,189.44584025931894
1,auc-8e6b6be6,prod-67142f7d,strm-95388783,21.78711756546767,406.1908694293727,2023-06-11,4341,2023-11-23,active,usr-46905193,4,21.78711756546767
1,auc-26d3977e,prod-4c9df791,strm-34e3828c,17.690404310528518,89.36593805060885,2023-12-13,4756,2024-01-10,active,usr-e36b5a97,0,17.690404310528518
1,auc-0c414f14,prod-26547f79,strm-4eba3fe3,15.767907139018561,378.45595692816676,2023-11-05,5541,2023-12-19,active,usr-8b3c0733,5,15.767907139018561
1,auc-9c5336c8,prod-612d2d9a,strm-0210b854,120.59101632259643,197.40293113209592,2023-07-19,4341,2023-09-08,active,usr-d3a930b6,5,120.59101632259643
1,auc-6d29bc77,prod-18ddbfa8,strm-d4881912,158.96255874621653,345.9241308172152,2023-08-05,1244,2024-01-10,active,usr-fc3dce2a,2,158.96255874621653
1,auc-4112a06c,prod-d3d6d97f,strm-74908a6d,64.572667307204,429.01855561149955,2023-05-05,378,2023-09-10,pending,usr-fa698e22,5,64.572667307204
1,auc-54aba9d6,prod-4f2f1d9d,strm-653fc9c6,31.507680604725095,391.41430946447076,2023-04-03,4011,2023-08-03,active,usr-863f94f9,3,31.507680604725095
1,auc-396e8f6e,prod-e064a277,strm-0fd8936a,48.257754911638884,118.23218143272459,2023-03-15,5396,2023-12-30,active,usr-6e413631,1,48.257754911638884
1,auc-04e5b8c9,prod-9028d738,strm-3cefec99,106.14132909553088,427.8254974384964,2023-04-24,6979,2023-05-07,sold,usr-d885a3bc,2,106.14132909553088
1,auc-e8490365,prod-03cc65bd,strm-51a56e9d,138.3174439806347,186.51086170959897,2023-05-23,6701,2023-06-16,pending,usr-f4e88a7c,2,138.3174439806347
1,auc-ab1ead03,prod-26547f79,strm-34e43319,78.19325668368646,347.67402766354235,2023-12-26,1810,2024-01-08,cancelled,usr-3d951e61,5,78.19325668368646
1,auc-3624c5c5,prod-c75bbef0,strm-d324695a,33.26193435724633,197.39106376348616,2023-05-29,4088,2023-08-07,active,usr-69eba04a,3,33.26193435724633
1,auc-06eb14c9,prod-112adae9,strm-9f13281e,48.05729185683921,272.38391214750186,2023-12-21,1353,2023-12-25,active,usr-36a4f828,1,48.05729185683921
1,auc-ea16395c,prod-9028d738,strm-653fc9c6,147.38995893710376,476.583096995999,2023-06-27,3276,2023-07-07,pending,usr-bf2a3290,3,147.38995893710376
1,auc-69bbd45f,prod-f4adeb29,strm-5fdd5637,49.4489684155709,249.33510089770184,2023-07-19,928,2023-09-05,unsold,usr-d4cc9d61,1,49.4489684155709
1,auc-2dd06fbc,prod-c1f1235f,strm-6b59edf7,123.73448029047861,334.8953687599351,2023-04-04,3980,2023-05-28,sold,usr-d00aae76,5,123.73448029047861
1,auc-51e5225b,prod-e0239a01,strm-cc17fd58,40.39664842652968,452.9635562573644,2023-05-30,242,2023-07-29,pending,usr-1a64f9e8,4,40.39664842652968
1,auc-205a1c36,prod-e8129c74,strm-3cefec99,3.3743527013676786,198.3105756664247,2023-08-26,3966,2023-10-14,sold,usr-61e5cada,1,3.3743527013676786
1,auc-3d58045b,prod-c4fe0cd8,strm-238906f2,16.863161031326342,472.56031656677254,2023-04-17,4079,2023-08-11,cancelled,usr-a660a97c,4,16.863161031326342
1,auc-a5c3081b,prod-5222780a,strm-f43563c8,185.04636626451685,258.43670999673515,2023-11-27,3172,2023-12-09,pending,usr-d4cc9d61,3,185.04636626451685
1,auc-09d640b9,prod-1d885bd8,strm-bc40e633,177.80610794312418,229.3201999034039,2023-07-30,801,2023-09-20,pending,usr-3558bbdd,1,177.80610794312418
1,auc-de4da6e1,prod-9d2cc445,strm-047cd7aa,99.69008465791156,181.3048470801729,2023-03-22,4918,2023-11-27,active,usr-69eba04a,4,99.69008465791156
1,auc-606731fd,prod-5846d606,strm-b9cc06d3,119.72309488816266,299.4098942075361,2023-05-31,2050,2023-09-14,active,usr-ad0facb5,3,119.72309488816266
1,auc-f4dd3c1e,prod-96bb1afd,strm-12ee6107,153.2504038928473,373.07436574866796,2023-08-09,5715,2024-01-02,cancelled,usr-08c2d8e3,2,153.2504038928473
1,auc-d699d738,prod-7301058a,strm-8dbbef4c,175.16815425866147,317.59781109411,2023-11-02,425,2023-12-31,pending,usr-46905193,4,175.16815425866147
1,auc-6bff166a,prod-ec88d497,strm-573d1a00,144.6833472487967,322.60007216367507,2023-04-07,1563,2023-09-16,pending,usr-7ed71dcc,5,144.6833472487967
1,auc-246e319b,prod-3767adf8,strm-12ee6107,141.60852643367696,227.3071788903225,2023-08-06,4222,2023-08-07,pending,usr-9c6355be,3,141.60852643367696
1,auc-06b1d84b,prod-20ec6306,strm-a9897861,191.5627498744734,387.1491544665212,2023-06-04,2733,2023-08-21,pending,usr-5c996a68,3,191.5627498744734
1,auc-0bc1e4d2,prod-20880190,strm-653fc9c6,104.41678025855197,133.59835445827738,2023-08-20,1072,2023-12-07,pending,usr-607f1a08,1,104.41678025855197
1,auc-07bab005,prod-624bccd2,strm-72f34b1d,143.85165713421807,178.32908048697695,2023-08-07,6642,2024-01-08,pending,usr-4c23df88,1,143.85165713421807
1,auc-9b2af634,prod-1983abbd,strm-5bb4196f,120.06495234656786,421.9957609390037,2023-08-30,1111,2023-11-08,pending,usr-d8c8071f,1,120.06495234656786
1,auc-1d9f6df5,prod-5d845c11,strm-f5a96029,35.48131405815023,126.47145624922935,2023-03-15,726,2023-05-26,pending,usr-d62de943,3,35.48131405815023
1,auc-c60661e1,prod-d473b1a6,strm-98a6441c,70.8856706158846,277.69951049008284,2023-11-18,4162,2023-12-28,cancelled,usr-fcd2e6f8,0,70.8856706158846
1,auc-cbabee68,prod-9926493a,strm-1faf60c3,169.03880539816498,297.8406469399262,2023-11-16,578,2023-12-13,unsold,usr-8b3c0733,1,169.03880539816498
1,auc-963c2135,prod-60fd5e71,strm-74b6ef5f,162.51147805731674,206.75711555959205,2023-07-27,3062,2023-12-07,sold,usr-f4f9a207,3,162.51147805731674
1,auc-39d12ba2,prod-4d660d3d,strm-fad5731f,127.61747326321347,218.0679837639868,2023-08-18,4442,2023-09-11,pending,usr-afbcc355,5,127.61747326321347
1,auc-4eb163de,prod-e61fb3d9,strm-2e16360a,88.02794248182728,294.210305748331,2023-10-01,5513,2023-11-06,pending,usr-c0107131,3,88.02794248182728
1,auc-a33cc6ec,prod-66e38705,strm-b61db30c,177.28313340404915,442.01573783281975,2023-07-24,7171,2023-11-13,pending,usr-9dbd8bc7,1,177.28313340404915
1,auc-3e081190,prod-f1d3154b,strm-ee9b19fa,34.37560022098384,453.32424487742895,2023-06-25,4332,2023-10-11,active,usr-7d1ac601,0,34.37560022098384
1,auc-7685d6b8,prod-b5806e41,strm-ab889cba,153.5578140491264,324.7825644594419,2023-04-17,3380,2023-09-23,active,usr-d885a3bc,3,153.5578140491264
1,auc-b17d34db,prod-8c8d8070,strm-a3e84402,165.26694997425125,436.24710180114437,2023-09-09,4026,2023-12-26,pending,usr-9451dee1,0,165.26694997425125
1,auc-51110b58,prod-780b9a67,strm-2221f87f,17.869400589358854,464.74848939332253,2023-04-16,1404,2023-07-21,pending,usr-8e135113,3,17.869400589358854
1,auc-b3a81e42,prod-d18ed1a5,strm-bb355c98,16.81511356418967,476.46676626383095,2023-11-05,6586,2023-12-07,pending,usr-088dfa4d,0,16.81511356418967
1,auc-3ba9e7dd,prod-710f443f,strm-22a35f50,14.86027293784019,492.48207514649386,2023-09-19,4590,2023-12-07,sold,usr-6756b9ae,0,14.86027293784019
1,auc-295afa26,prod-54504959,strm-b9aeb457,116.99883363235607,117.17857502687787,2023-05-16,672,2023-11-01,cancelled,usr-d8013104,1,116.99883363235607
1,auc-e979c5e1,prod-9be0f5f1,strm-853f473b,40.64742330242736,194.64389578133628,2023-06-07,5130,2023-08-04,sold,usr-52ed6704,3,40.64742330242736
1,auc-d097299b,prod-710f443f,strm-150d1cde,162.5251602371499,364.31043867491223,2023-08-07,4398,2023-12-19,pending,usr-17a13355,4,162.5251602371499
1,auc-7f0e6cc5,prod-6177bf9b,strm-c8caf8ff,162.13939809068106,406.70744372501053,2023-08-22,1636,2024-01-01,unsold,usr-a6b25129,1,162.13939809068106
1,auc-5646df61,prod-6116a729,strm-c9bb6a1a,128.63717107971485,433.0556790381933,2023-09-09,1210,2023-10-20,active,usr-6bf4b8bb,3,128.63717107971485
1,auc-073c1dab,prod-afef592f,strm-44e30f97,102.13295131355797,336.6139011997247,2023-03-13,6164,2023-11-23,pending,usr-bc7470b9,4,102.13295131355797
1,auc-ec76f0ca,prod-761f077f,strm-e3fb78f8,143.32816559750225,303.79628982200336,2023-04-19,1342,2024-01-03,active,usr-46ca183c,4,143.32816559750225
1,auc-053cbd64,prod-03d0085a,strm-8fea7471,82.50591864688906,448.6948247231206,2023-03-27,4206,2023-11-13,cancelled,usr-aff16f5a,1,82.50591864688906
1,auc-cb3fcabd,prod-100508a3,strm-43ef6943,140.46833448621655,446.5870925299188,2023-05-01,2463,2023-08-22,pending,usr-fb2463d4,2,140.46833448621655
1,auc-4168dd68,prod-cf58e264,strm-ee5517ce,77.1682872053389,232.9236825170082,2023-08-02,1384,2023-08-07,pending,usr-9d8446ae,3,77.1682872053389
1,auc-7bee492a,prod-743fc6b4,strm-22dd94e0,197.53928463956868,422.93463174116425,2023-08-05,7031,2023-12-15,active,usr-5aade24b,1,197.53928463956868
1,auc-551a116f,prod-847844d8,strm-6b59edf7,10.826004552770124,211.87439572257037,2023-05-19,4182,2023-11-08,active,usr-9451dee1,1,10.826004552770124
1,auc-4bc18f35,prod-090c0812,strm-3fd2c86b,165.21566909461887,442.331480434534,2023-10-15,6077,2023-12-07,unsold,usr-2ed6a909,5,165.21566909461887
1,auc-38a22415,prod-9ea099b6,strm-a9897861,95.9065812258445,271.24003954519594,2023-05-07,6979,2023-07-27,pending,usr-fab88057,3,95.9065812258445
1,auc-43eb46a2,prod-692d0c82,strm-f2db51df,35.99500816158147,206.38989814746733,2023-12-24,1080,2023-12-26,pending,usr-24bbb2d6,2,35.99500816158147
1,auc-ecafce2c,prod-743fc6b4,strm-471ae7a7,5.402628602885726,446.27866272237395,2023-04-23,5878,2023-12-17,active,usr-f4f9a207,1,5.402628602885726
1,auc-5da86b09,prod-e294f859,strm-b930d03c,148.12070134001848,486.16812860143307,2023-03-08,5331,2023-06-13,sold,usr-09010cf1,3,148.12070134001848
1,auc-a5691bfa,prod-30336add,strm-98a6441c,93.52351920769193,268.88099129734735,2023-12-19,5226,2024-01-12,active,usr-b2c9fd41,4,93.52351920769193
1,auc-9f581058,prod-0ef89630,strm-6fb122b0,56.998922912680754,219.50915898427874,2023-04-13,4497,2023-11-27,active,usr-5a052815,2,56.998922912680754
1,auc-7a535def,prod-ba21094a,strm-8a5a7b5d,140.87943867425398,367.94191978324636,2023-07-30,4032,2024-01-01,active,usr-fcd5ab19,5,140.87943867425398
1,auc-30fb395f,prod-98c71c34,strm-4e549421,106.5253014730581,252.8943596283712,2023-08-17,3188,2023-10-22,pending,usr-0d9dd263,5,106.5253014730581
1,auc-41b49cf4,prod-a1971b69,strm-7067824d,52.58353242642462,423.03988287286376,2023-03-04,3046,2023-04-17,sold,usr-74345855,1,52.58353242642462
1,auc-2b81c6b1,prod-bc9c18b3,strm-7793374d,55.018926830143556,153.80120424503568,2023-05-14,2502,2023-08-04,active,usr-768487c6,2,55.018926830143556
1,auc-b86f19fa,prod-9b48e680,strm-12ee6107,71.67771759699929,109.20706577005723,2023-09-13,6184,2023-12-02,unsold,usr-6e413631,3,71.67771759699929
1,auc-8aabf7d9,prod-33cf7607,strm-9b4714c9,70.77287872442032,361.1223875851147,2023-07-06,4168,2023-12-07,unsold,usr-4c23df88,2,70.77287872442032
1,auc-512255c7,prod-2e92da2d,strm-e3fb78f8,197.9621126182158,256.5474664502703,2023-07-16,1573,2023-10-03,pending,usr-32ecc7cc,5,197.9621126182158
1,auc-71da30e5,prod-6a3d3691,strm-8b3938c8,115.27370130664423,124.15868032341356,2023-12-08,4981,2024-01-13,pending,usr-d4cc9d61,5,115.27370130664423
1,auc-ccf9d001,prod-98898274,strm-691a6e82,80.4001030231525,409.1416203014446,2023-06-22,5390,2023-10-17,pending,usr-88a50a6e,0,80.4001030231525
1,auc-b693fbcc,prod-f9a463a1,strm-3ce4c0f8,11.098258291586236,43.7934764914674,2023-03-14,7141,2023-12-24,active,usr-82c3f4b8,1,11.098258291586236
1,auc-ba7eb3c2,prod-c246985b,strm-9386c0ae,114.19868913283945,413.35024490498796,2023-11-28,4908,2024-01-08,active,usr-6083d943,1,114.19868913283945
1,auc-c56128b9,prod-43195159,strm-9c0382e6,178.7845462179977,421.24710277456813,2023-11-20,4582,2023-12-22,cancelled,usr-612d455a,3,178.7845462179977
1,auc-e1d152fe,prod-f8109d08,strm-8cb05d44,178.87157309084773,488.8880363872342,2023-08-04,1494,2023-09-14,pending,usr-a86828e6,3,178.87157309084773
1,auc-04ee1ca8,prod-8b9d42c2,strm-59ac15d4,8.838287374883421,37.40886728770537,2023-06-15,1243,2023-10-05,pending,usr-a1a37788,1,8.838287374883421
1,auc-7bd61139,prod-b2fd152a,strm-8e5850c2,134.34279822229402,347.3611381911883,2023-11-25,6652,2024-01-04,pending,usr-863f94f9,3,134.34279822229402
1,auc-d0ab1bd4,prod-6aaaf791,strm-3b5c2707,96.14827403174385,212.3557129118505,2023-05-13,6693,2023-09-25,pending,usr-92063100,2,96.14827403174385
1,auc-08a38da7,prod-e02be838,strm-0210b854,194.62500646657278,211.4714991404063,2023-03-19,5814,2024-01-01,pending,usr-67f49b0d,1,194.62500646657278
1,auc-815bcb3f,prod-21c00cf3,strm-5a312371,153.5723845823732,334.7699991662748,2023-11-10,2638,2024-01-03,pending,usr-d3e0d34b,4,153.5723845823732
1,auc-0a75cc99,prod-96bb1afd,strm-04e40c0d,27.919214094580102,234.9986294242928,2023-06-25,2184,2023-09-06,active,usr-eec74cf5,1,27.919214094580102
1,auc-86a139c0,prod-24fb45f2,strm-3fd2c86b,109.85389779036912,385.2521970284253,2023-12-13,562,2024-01-05,active,usr-49d21b5a,5,109.85389779036912
1,auc-edd5779c,prod-3b27e5eb,strm-33055a63,92.7853375837223,372.86180270149384,2023-06-28,6100,2023-12-25,active,usr-dac5c395,0,92.7853375837223
1,auc-8f659490,prod-e29662ec,strm-051076ac,119.38483418418929,152.66565384454472,2023-07-25,2469,2023-11-25,active,usr-6756b9ae,1,119.38483418418929
1,auc-d1f1d10b,prod-3c81392c,strm-3ce4c0f8,10.218362315431042,491.15057834595086,2023-05-02,2106,2023-09-30,active,usr-cf7d3a7b,4,10.218362315431042
1,auc-71f33277,prod-60fd5e71,strm-e1f51435,18.552754749759366,44.02408905519878,2023-06-05,4567,2023-12-21,active,usr-a660a97c,3,18.552754749759366
